id,code,name,utv,utch,plg,plgp,plgo,sumrg,obz,obzsumrg,plgpsumrg,plgsumrg,level,isLeaf,loaded,expanded,month
1,0,Итого,23548453455.0,23548453455.0,23547403288.0,1869625477.1,8457773234.5,1785668970.266,2381587942.001,595918971.7349999,95.5094478620271,7.583294635192303,0,True,True,False,01.2023
2,1,Государственные услуги общего характера,907842888.0,907842888.0,908940062.7,63108380.7,254882285.7,52268078.265,142138766.279,89870688.01400001,82.8227213014198,5.750442786044444,0,True,True,False,01.2023
3,2,Оборона,1030363707.0,1030363707.0,1030363707.0,114742946.0,243625475.7,108783139.921,146164035.707,37380895.78599998,94.80594991957065,10.557741813105224,0,True,True,False,01.2023
4,3,"Общественный порядок, безопасность, правовая, судебная, уголовно-исполнительная деятельность",1071897410.0,1071897410.0,1071897410.0,69424349.0,257478665.0,52141464.742,112039858.59,59898393.848000005,75.10544282093305,4.864408128572677,0,True,True,False,01.2023
5,4,Образование,1210049686.0,1210049686.0,1210049686.0,41921841.0,617506368.0,38184921.885,68593059.912,30408138.027000003,91.08598519086983,3.1556490883631367,0,True,True,False,01.2023
6,5,Здравоохранение,2027397171.0,2027397171.0,2027397171.0,288741968.0,369117876.0,270584676.012,345197096.836,74612420.824,93.71158542910536,13.346406904500904,0,True,True,False,01.2023
7,6,Социальная помощь и социальное обеспечение,4663442896.0,4663442896.0,4663442896.0,407730586.4,437347099.4,407640000.501,409772943.193,2132942.6920000315,99.97778290321563,8.741181345881758,0,True,True,False,01.2023
8,7,Жилищно-коммунальное хозяйство,336481716.0,336481716.0,336481716.0,13682995.0,162258129.0,13682995.0,13682995.0,0.0,100.0,4.066489901044132,0,True,True,False,01.2023
9,8,"Культура, спорт, туризм и информационное пространство",197462331.0,197462331.0,197462331.0,24619555.0,149673129.7,6997746.419,68627969.057,61630222.638,28.423529259566227,3.5438386570044083,0,True,True,False,01.2023
10,9,Топливно-энергетический комплекс и недропользование,109938511.0,109938511.0,109938511.0,906533.0,81179292.0,614531.722,7018735.942,6404204.22,67.78922797074128,0.5589776652514422,0,True,True,False,01.2023
11,10,"Сельское, водное, лесное, рыбное хозяйство, особо охраняемые природные территории, охрана окружающей среды и животного мира, земельные отношения",433731024.0,433731024.0,432680857.0,88553589.0,212388290.0,79398811.176,132943489.608,53544678.432,89.6618782735051,18.350433094385778,0,True,True,False,01.2023
12,11,"Промышленность, архитектурная, градостроительная и строительная деятельность",181484873.0,181484873.0,181484873.0,1402503.0,16108184.0,1396685.5,4758348.6,3361663.0999999996,99.5852058783475,0.7695878322597167,0,True,True,False,01.2023
13,12,Транспорт и коммуникации,647241258.0,647241258.0,647241258.0,23832543.0,308324168.0,23674344.737,191185985.298,167511640.56100002,99.33620905247082,3.6577310924452844,0,True,True,False,01.2023
14,13,Прочие,1425291377.0,1425291377.0,1424194202.3,4993810.0,88504730.0,4345746.434,13508830.027,9163083.593,87.02266273646777,0.3051372086041247,0,True,True,False,01.2023
15,14,Обслуживание долга,1759017679.0,1759017679.0,1759017679.0,165601016.0,165601016.0,165592967.054,165592967.054,0.0,99.99513955518243,9.413945580589015,0,True,True,False,01.2023
16,15,Трансферты,4995054752.0,4995054752.0,4995054752.0,283189755.0,4816605419.0,283189755.0,283189755.0,0.0,100.0,5.669402420195934,0,True,True,False,01.2023
17,16,Погашение займов,2551756176.0,2551756176.0,2551756176.0,277173107.0,277173107.0,277173105.898,277173105.898,0.0,99.99999960241453,10.862052907126971,0,True,True,False,01.2023
1,0,Итого,23517348799.0,23517348799.0,23517348799.0,0.0,10645241474.6,3696420877.594,4724377818.257,1027956940.6630001,0.0,15.717846893316386,0,True,True,False,02.2023
2,1,Государственные услуги общего характера,876738232.0,876738232.0,881394860.1,0.0,374166170.8,157461849.009,273346700.899,115884851.88999999,0.0,17.86507456954479,0,True,True,False,02.2023
3,2,Оборона,1030363707.0,1030363707.0,1030510275.1,0.0,307178489.3,153891217.271,226806664.408,72915447.137,0.0,14.933496636515,0,True,True,False,02.2023
4,3,"Общественный порядок, безопасность, правовая, судебная, уголовно-исполнительная деятельность",1071897410.0,1071897410.0,1071897410.0,0.0,381991008.1,117405298.288,187236470.823,69831172.53500001,0.0,10.953034981957835,0,True,True,False,02.2023
5,4,Образование,1210049686.0,1210049686.0,1210049686.0,0.0,915097774.7,129627858.49,335931435.571,206303577.08099997,0.0,10.712606266483506,0,True,True,False,02.2023
6,5,Здравоохранение,2027397171.0,2027397171.0,2027397171.0,0.0,636833075.5,542772253.839,613412505.88,70640252.04100001,0.0,26.771875861466317,0,True,True,False,02.2023
7,6,Социальная помощь и социальное обеспечение,4663442896.0,4663442896.0,4663442896.0,0.0,851618124.9,811249981.743,833043824.997,21793843.25399995,0.0,17.39594543848361,0,True,True,False,02.2023
8,7,Жилищно-коммунальное хозяйство,336481716.0,336481716.0,336481716.0,0.0,247232181.0,27933395.4,27933395.4,0.0,0.0,8.3016086972167,0,True,True,False,02.2023
9,8,"Культура, спорт, туризм и информационное пространство",197462331.0,197462331.0,197462331.0,0.0,161141767.2,29671401.463,150149307.201,120477905.738,0.0,15.026360376045597,0,True,True,False,02.2023
10,9,Топливно-энергетический комплекс и недропользование,109938511.0,109938511.0,109938511.0,0.0,103135905.0,7690786.192,16854746.428,9163960.236,0.0,6.9955342509596115,0,True,True,False,02.2023
11,10,"Сельское, водное, лесное, рыбное хозяйство, особо охраняемые природные территории, охрана окружающей среды и животного мира, земельные отношения",433731024.0,433731024.0,433731024.0,0.0,318361153.8,172333058.588,245962396.937,73629338.349,0.0,39.73270277018505,0,True,True,False,02.2023
12,11,"Промышленность, архитектурная, градостроительная и строительная деятельность",181484873.0,181484873.0,181484873.0,0.0,18516099.0,2013536.718,5878672.6,3865135.8819999993,0.0,1.109479090304127,0,True,True,False,02.2023
13,12,Транспорт и коммуникации,647241258.0,647241258.0,647241258.0,0.0,456773886.0,76233717.469,318471339.846,242237622.37700003,0.0,11.77825370783146,0,True,True,False,02.2023
14,13,Прочие,1425291377.0,1425291377.0,1420488180.8,0.0,343698764.3,115016616.342,136230450.485,21213834.14300002,0.0,8.096978059840257,0,True,True,False,02.2023
15,14,Обслуживание долга,1759017679.0,1759017679.0,1759017679.0,0.0,380429061.0,380426754.888,380426754.888,0.0,0.0,21.627227482117878,0,True,True,False,02.2023
16,15,Трансферты,4995054752.0,4995054752.0,4995054752.0,0.0,4852392134.0,676017281.0,676017281.0,0.0,0.0,13.533731151381781,0,True,True,False,02.2023
17,16,Погашение займов,2551756176.0,2551756176.0,2551756176.0,0.0,296675880.0,296675870.894,296675870.894,0.0,0.0,11.626340858281123,0,True,True,False,02.2023
1,0,Итого,23548453455.0,23548453455.0,23557046292.0,0.0,11760808909.4,5542617729.759,6597412414.188,1054794684.4289999,0.0,23.52849190452743,0,True,True,False,03.2023
2,1,Государственные услуги общего характера,907842888.0,907842888.0,927157397.7,0.0,474639440.2,258220360.388,374063684.718,115843324.32999998,0.0,27.850757706142176,0,True,True,False,03.2023
3,2,Оборона,1030363707.0,1030363707.0,1030510275.1,0.0,348888791.6,209449402.628,298488546.691,89039144.063,0.0,20.324824282579343,0,True,True,False,03.2023
4,3,"Общественный порядок, безопасность, правовая, судебная, уголовно-исполнительная деятельность",1071897410.0,1071897410.0,1073060453.0,0.0,485065697.9,204898554.107,283609577.196,78711023.08899999,0.0,19.094781988671425,0,True,True,False,03.2023
5,4,Образование,1210049686.0,1210049686.0,1214139289.0,0.0,915985404.5,434441724.852,641911206.555,207469481.70299995,0.0,35.781868586908075,0,True,True,False,03.2023
6,5,Здравоохранение,2027397171.0,2027397171.0,2027397171.0,0.0,633041475.8,547345079.453,621217539.349,73872459.89600003,0.0,26.997427405061718,0,True,True,False,03.2023
7,6,Социальная помощь и социальное обеспечение,4663442896.0,4663442896.0,4663452896.0,0.0,1229977473.1,1199439689.191,1219688751.876,20249062.684999943,0.0,25.719991515724317,0,True,True,False,03.2023
8,7,Жилищно-коммунальное хозяйство,336481716.0,336481716.0,336481716.0,0.0,275188430.0,51772908.7,51772908.7,0.0,0.0,15.386544420737561,0,True,True,False,03.2023
9,8,"Культура, спорт, туризм и информационное пространство",197462331.0,197462331.0,200898735.0,0.0,166425947.2,45761364.871,155612988.39,109851623.519,0.0,22.778324050173833,0,True,True,False,03.2023
10,9,Топливно-энергетический комплекс и недропользование,109938511.0,109938511.0,109938511.0,0.0,98561588.0,11778935.411,14744237.657,2965302.2459999993,0.0,10.714112192223524,0,True,True,False,03.2023
11,10,"Сельское, водное, лесное, рыбное хозяйство, особо охраняемые природные территории, охрана окружающей среды и животного мира, земельные отношения",433731024.0,433731024.0,433179713.0,0.0,342745489.0,197443724.09,288726781.17,91283057.08000001,0.0,45.58009485776635,0,True,True,False,03.2023
12,11,"Промышленность, архитектурная, градостроительная и строительная деятельность",181484873.0,181484873.0,182036184.0,0.0,28791755.0,13319227.953,19265581.992,5946354.038999999,0.0,7.316802440222543,0,True,True,False,03.2023
13,12,Транспорт и коммуникации,647241258.0,647241258.0,647241258.0,0.0,480431707.0,119724587.41,354877684.369,235153096.95900002,0.0,18.497675469569646,0,True,True,False,03.2023
14,13,Прочие,1425291377.0,1425291377.0,1405724086.2,0.0,519508036.3,301656276.261,326067031.081,24410754.819999993,0.0,21.459138334639142,0,True,True,False,03.2023
15,14,Обслуживание долга,1759017679.0,1759017679.0,1759017679.0,0.0,556251773.7,556251773.587,556251773.587,0.0,0.0,31.622864296806195,0,True,True,False,03.2023
16,15,Трансферты,4995054752.0,4995054752.0,4995054752.0,0.0,4878041461.0,1063849682.6,1063849682.6,0.0,0.0,21.29805848822856,0,True,True,False,03.2023
17,16,Погашение займов,2551756176.0,2551756176.0,2551756176.0,0.0,327264439.1,327264438.257,327264438.257,0.0,0.0,12.825066961139003,0,True,True,False,03.2023
1,0,Итого,23548453455.0,25068832180.0,25068832180.0,0.0,14373422882.8,7767401487.284,8852754677.955,1085353190.6709995,0.0,30.98429728003389,0,True,True,False,04.2023
2,1,Государственные услуги общего характера,907842888.0,1010393352.0,1044068588.9,0.0,580267213.1,360912241.902,477020885.436,116108643.53399998,0.0,34.567867067262945,0,True,True,False,04.2023
3,2,Оборона,1030363707.0,1148199687.0,1148336494.1,0.0,558386886.1,338951483.604,434638555.736,95687072.13200003,0.0,29.5167388083099,0,True,True,False,04.2023
4,3,"Общественный порядок, безопасность, правовая, судебная, уголовно-исполнительная деятельность",1071897410.0,1262039415.0,1262039415.0,0.0,622824455.7,301359809.078,387957220.085,86597411.00699997,0.0,23.878795344755538,0,True,True,False,04.2023
5,4,Образование,1210049686.0,1264558594.0,1268648197.0,0.0,959916282.4,494287552.437,684923965.187,190636412.75000006,0.0,38.96175106746318,0,True,True,False,04.2023
6,5,Здравоохранение,2027397171.0,2171115595.0,2171115595.0,0.0,868144501.8,754377823.643,824078503.351,69700679.70799994,0.0,34.746092072679346,0,True,True,False,04.2023
7,6,Социальная помощь и социальное обеспечение,4663442896.0,4715889660.0,4715899660.0,0.0,1607672910.3,1580119133.716,1598491026.902,18371893.18599987,0.0,33.50620767270524,0,True,True,False,04.2023
8,7,Жилищно-коммунальное хозяйство,336481716.0,623106309.0,623106309.0,0.0,525128007.0,91486849.0,91486849.0,0.0,0.0,14.682382071660264,0,True,True,False,04.2023
9,8,"Культура, спорт, туризм и информационное пространство",197462331.0,252810914.0,252810914.0,0.0,220093256.2,58362711.627,178707472.169,120344760.542,0.0,23.08551901639816,0,True,True,False,04.2023
10,9,Топливно-энергетический комплекс и недропользование,109938511.0,184752773.0,184752773.0,0.0,167896440.0,50508282.011,54172888.151,3664606.1400000006,0.0,27.338307940308965,0,True,True,False,04.2023
11,10,"Сельское, водное, лесное, рыбное хозяйство, особо охраняемые природные территории, охрана окружающей среды и животного мира, земельные отношения",433731024.0,683209621.0,683209621.0,0.0,387713599.4,227678816.672,319322191.554,91643374.88200003,0.0,33.32488443865166,0,True,True,False,04.2023
12,11,"Промышленность, архитектурная, градостроительная и строительная деятельность",181484873.0,229026652.0,229026652.0,0.0,178876234.0,15118593.996,20379315.992,5260721.995999999,0.0,6.601237831481726,0,True,True,False,04.2023
13,12,Транспорт и коммуникации,647241258.0,835381644.0,835381644.0,0.0,584511748.0,165604031.905,420974481.081,255370449.17599997,0.0,19.82375757169498,0,True,True,False,04.2023
14,13,Прочие,1425291377.0,1298811866.0,1260900219.0,0.0,702068281.4,343467525.957,375434691.575,31967165.61799997,0.0,27.23986567544565,0,True,True,False,04.2023
15,14,Обслуживание долга,1759017679.0,1842725170.0,1842725170.0,0.0,740815372.1,740815371.237,740815371.237,0.0,0.0,40.20216271518123,0,True,True,False,04.2023
16,15,Трансферты,4995054752.0,4995054752.0,4995054752.0,0.0,4896190798.0,1471434364.0,1471434364.0,0.0,0.0,29.45782252758778,0,True,True,False,04.2023
17,16,Погашение займов,2551756176.0,2551756176.0,2551756176.0,0.0,772916897.3,772916896.499,772916896.499,0.0,0.0,30.289606184497774,0,True,True,False,04.2023
1,0,Итого,23548453455.0,25068832180.0,25068832180.0,0.0,16081031388.7,10086939988.139,11158150378.257,1071210390.118,0.0,40.23697600156419,0,True,True,False,05.2023
2,1,Государственные услуги общего характера,907842888.0,1010393352.0,1053199895.1,0.0,657605240.1,419289577.303,532906679.956,113617102.653,0.0,39.81101586258598,0,True,True,False,05.2023
3,2,Оборона,1030363707.0,1148199687.0,1148713773.0,0.0,672004891.1,469956202.852,576477664.326,106521461.47399998,0.0,40.91151459119834,0,True,True,False,05.2023
4,3,"Общественный порядок, безопасность, правовая, судебная, уголовно-исполнительная деятельность",1071897410.0,1262039415.0,1262147183.7,0.0,759117760.7,389984599.458,489807752.638,99823153.18,0.0,30.898504112234782,0,True,True,False,05.2023
5,4,Образование,1210049686.0,1264558594.0,1268648197.0,0.0,997214162.9,561104835.627,724217156.423,163112320.796,0.0,44.22856052244088,0,True,True,False,05.2023
6,5,Здравоохранение,2027397171.0,2171115595.0,2171115595.0,0.0,980442483.1,871534608.692,944310157.346,72775548.65399992,0.0,40.14224810042876,0,True,True,False,05.2023
7,6,Социальная помощь и социальное обеспечение,4663442896.0,4715889660.0,4715899660.0,0.0,1989145749.4,1961569401.789,1979877991.671,18308589.88199997,0.0,41.59480784603886,0,True,True,False,05.2023
8,7,Жилищно-коммунальное хозяйство,336481716.0,623106309.0,623106309.0,0.0,571757801.0,148238513.8,148661920.8,423407.0,0.0,23.790244402741237,0,True,True,False,05.2023
9,8,"Культура, спорт, туризм и информационное пространство",197462331.0,252810914.0,253033019.2,0.0,224319856.5,90837538.508,209458143.64,118620605.13199998,0.0,35.899480152904886,0,True,True,False,05.2023
10,9,Топливно-энергетический комплекс и недропользование,109938511.0,184752773.0,184752773.0,0.0,171853527.0,68296944.971,76320541.331,8023596.359999999,0.0,36.96666840881463,0,True,True,False,05.2023
11,10,"Сельское, водное, лесное, рыбное хозяйство, особо охраняемые природные территории, охрана окружающей среды и животного мира, земельные отношения",433731024.0,683209621.0,683209621.0,0.0,420151629.1,270502617.355,360868490.148,90365872.79299998,0.0,39.59291687945946,0,True,True,False,05.2023
12,11,"Промышленность, архитектурная, градостроительная и строительная деятельность",181484873.0,229026652.0,229026652.0,0.0,205116234.0,75615807.344,81277120.309,5661312.965000004,0.0,33.016160644919175,0,True,True,False,05.2023
13,12,Транспорт и коммуникации,647241258.0,835381644.0,835381644.0,0.0,628697603.5,247649566.185,474465342.401,226815776.21600002,0.0,29.64508113910628,0,True,True,False,05.2023
14,13,Прочие,1425291377.0,1298811866.0,1251061760.0,0.0,892699713.9,595378003.016,642519646.029,47141643.01300001,0.0,47.58981706994226,0,True,True,False,05.2023
15,14,Обслуживание долга,1759017679.0,1842725170.0,1842725170.0,0.0,966201987.1,966201938.082,966201938.082,0.0,0.0,52.43331744809239,0,True,True,False,05.2023
16,15,Трансферты,4995054752.0,4995054752.0,4995054752.0,0.0,4909576983.0,1915654068.2,1915654068.2,0.0,0.0,38.35101241749111,0,True,True,False,05.2023
17,16,Погашение займов,2551756176.0,2551756176.0,2551756176.0,0.0,1035125766.3,1035125764.957,1035125764.957,0.0,0.0,40.56523012240179,0,True,True,False,05.2023
1,0,Итого,23548453455.0,25068832180.0,25068832180.0,0.0,17108567495.6,12003756626.323,13032860309.838,1029103683.5149994,0.0,47.883190330260526,0,True,True,False,06.2023
2,1,Государственные услуги общего характера,907842888.0,1010393352.0,1065014324.4,0.0,716721132.7,483282877.803,602104586.169,118821708.36600006,0.0,45.37806363076557,0,True,True,False,06.2023
3,2,Оборона,1030363707.0,1148199687.0,1148713773.0,0.0,742443052.4,556905753.818,665314506.605,108408752.78700006,0.0,48.48081105213665,0,True,True,False,06.2023
4,3,"Общественный порядок, безопасность, правовая, судебная, уголовно-исполнительная деятельность",1071897410.0,1262039415.0,1262147183.7,0.0,816909520.8,494279961.412,609805180.254,115525218.84199995,0.0,39.1618321377553,0,True,True,False,06.2023
5,4,Образование,1210049686.0,1264558594.0,1268664638.1,0.0,1020977004.2,591121825.505,750426697.85,159304872.34500003,0.0,46.59401765862146,0,True,True,False,06.2023
6,5,Здравоохранение,2027397171.0,2171115595.0,2171129281.9,0.0,1145066330.6,1040659245.485,1106873955.035,66214709.55000007,0.0,47.931703291952175,0,True,True,False,06.2023
7,6,Социальная помощь и социальное обеспечение,4663442896.0,4715889660.0,4715899660.0,0.0,2368855501.1,2345787796.985,2360888244.182,15100447.197000027,0.0,49.74210577213596,0,True,True,False,06.2023
8,7,Жилищно-коммунальное хозяйство,336481716.0,623106309.0,623106309.0,0.0,597878342.0,183355794.4,183779201.4,423407.0,0.0,29.42608536483299,0,True,True,False,06.2023
9,8,"Культура, спорт, туризм и информационное пространство",197462331.0,252810914.0,253033019.2,0.0,231371806.6,109538600.869,217764515.628,108225914.75899999,0.0,43.29023983325256,0,True,True,False,06.2023
10,9,Топливно-энергетический комплекс и недропользование,109938511.0,184752773.0,184752773.0,0.0,183305702.0,78452929.114,86999167.419,8546238.305000007,0.0,42.46373563984341,0,True,True,False,06.2023
11,10,"Сельское, водное, лесное, рыбное хозяйство, особо охраняемые природные территории, охрана окружающей среды и животного мира, земельные отношения",433731024.0,683209621.0,683209621.0,0.0,445447939.6,302526639.835,383347828.088,80821188.25300002,0.0,44.28020779218505,0,True,True,False,06.2023
12,11,"Промышленность, архитектурная, градостроительная и строительная деятельность",181484873.0,229026652.0,229026652.0,0.0,205114429.9,176301744.297,182062120.309,5760376.0119999945,0.0,76.97870215428027,0,True,True,False,06.2023
13,12,Транспорт и коммуникации,647241258.0,835381644.0,835381644.0,0.0,652332760.7,323382658.94,520949386.88,197566727.94,0.0,38.710769055394756,0,True,True,False,06.2023
14,13,Прочие,1425291377.0,1298811866.0,1239217202.7,0.0,943774686.6,683944838.133,728328960.292,44384122.15900004,0.0,55.1916836405131,0,True,True,False,06.2023
15,14,Обслуживание долга,1759017679.0,1842725170.0,1842725170.0,0.0,1074439179.1,1054166937.462,1054166937.462,0.0,0.0,57.20695384336667,0,True,True,False,06.2023
16,15,Трансферты,4995054752.0,4995054752.0,4995054752.0,0.0,4918803651.0,2537943314.5,2537943314.5,0.0,0.0,50.80911902885183,0,True,True,False,06.2023
17,16,Погашение займов,2551756176.0,2551756176.0,2551756176.0,0.0,1045126456.3,1042105707.765,1042105707.765,0.0,0.0,40.83876498727832,0,True,True,False,06.2023
1,0,Итого,23548453455.0,25068832180.0,25068832180.0,0.0,18953614587.0,14400895427.992,15318457173.346,917561745.3540001,0.0,57.44541797795066,0,True,True,False,07.2023
2,1,Государственные услуги общего характера,907842888.0,1010393352.0,1098904538.2,0.0,847691666.6,573288908.205,669273511.237,95984603.03199995,0.0,52.169127369702586,0,True,True,False,07.2023
3,2,Оборона,1030363707.0,1148199687.0,1159661721.0,0.0,788739853.7,623109299.48,724389949.877,101280650.39699996,0.0,53.73198823383427,0,True,True,False,07.2023
4,3,"Общественный порядок, безопасность, правовая, судебная, уголовно-исполнительная деятельность",1071897410.0,1262039415.0,1266709613.6,0.0,935476194.5,592978131.183,721440083.216,128461952.03299999,0.0,46.81247578896562,0,True,True,False,07.2023
5,4,Образование,1210049686.0,1264558594.0,1269468064.1,0.0,1047958034.8,650738095.41,775925275.542,125187180.13200009,0.0,51.26069050593613,0,True,True,False,07.2023
6,5,Здравоохранение,2027397171.0,2171115595.0,2172261977.1,0.0,1327033920.4,1235493212.608,1291863210.755,56369998.147000074,0.0,56.87588447584028,0,True,True,False,07.2023
7,6,Социальная помощь и социальное обеспечение,4663442896.0,4715889660.0,4704585933.0,0.0,2755054514.5,2734910326.453,2748162932.494,13252606.04099989,0.0,58.13285941423998,0,True,True,False,07.2023
8,7,Жилищно-коммунальное хозяйство,336481716.0,623106309.0,604569872.0,0.0,587839622.0,233842862.5,234266269.5,423407.0,0.0,38.67921200347212,0,True,True,False,07.2023
9,8,"Культура, спорт, туризм и информационное пространство",197462331.0,252810914.0,256285410.7,0.0,235432805.9,127458941.749,223921723.153,96462781.404,0.0,49.73320229226766,0,True,True,False,07.2023
10,9,Топливно-энергетический комплекс и недропользование,109938511.0,184752773.0,184752773.0,0.0,184307059.0,96063119.206,102849884.698,6786765.491999999,0.0,51.995495194001776,0,True,True,False,07.2023
11,10,"Сельское, водное, лесное, рыбное хозяйство, особо охраняемые природные территории, охрана окружающей среды и животного мира, земельные отношения",433731024.0,683209621.0,681847672.0,0.0,519471822.6,370229587.545,440840154.831,70610567.28599995,0.0,54.297990995414004,0,True,True,False,07.2023
12,11,"Промышленность, архитектурная, градостроительная и строительная деятельность",181484873.0,229026652.0,229124754.0,0.0,206955487.9,180046150.089,184507568.184,4461418.094999999,0.0,78.57996438438074,0,True,True,False,07.2023
13,12,Транспорт и коммуникации,647241258.0,835381644.0,839780570.0,0.0,737365080.5,434066754.97,604846016.823,170779261.85299993,0.0,51.68811597653421,0,True,True,False,07.2023
14,13,Прочие,1425291377.0,1298811866.0,1211343183.3,0.0,952747826.0,731743641.176,779244195.618,47500554.44200003,0.0,60.40762446712652,0,True,True,False,07.2023
15,14,Обслуживание долга,1759017679.0,1842725170.0,1842725170.0,0.0,1330099473.1,1330099472.956,1330099472.956,0.0,0.0,72.1811095116262,0,True,True,False,07.2023
16,15,Трансферты,4995054752.0,4995054752.0,4995054752.0,0.0,4934796894.0,2924182593.8,2924182593.8,0.0,0.0,58.541552374959835,0,True,True,False,07.2023
17,16,Погашение займов,2551756176.0,2551756176.0,2551756176.0,0.0,1562644331.5,1562644330.662,1562644330.662,0.0,0.0,61.23799543855791,0,True,True,False,07.2023
1,0,Итого,23548453455.0,25068832180.0,25067801232.0,16475762466.1,20234400276.0,16368658175.737,17176134495.865,807476320.1280003,99.34992817125536,65.29754254969035,0,True,True,False,08.2023
2,1,Государственные услуги общего характера,907842888.0,1010393352.0,1117566648.4,678154308.3,902803315.8,661457186.879,760085179.253,98627992.37400007,97.53785809267268,59.187269754872894,0,True,True,False,08.2023
3,2,Оборона,1030363707.0,1148199687.0,1160400677.5,705946404.2,857434351.9,688928410.898,790618180.051,101689769.153,97.58933635744128,59.369873204680204,0,True,True,False,08.2023
4,3,"Общественный порядок, безопасность, правовая, судебная, уголовно-исполнительная деятельность",1071897410.0,1262039415.0,1266731773.9,741975070.4,1011638185.4,696346027.031,823329300.565,126983273.53400004,93.85032662291454,54.97186076631656,0,True,True,False,08.2023
5,4,Образование,1210049686.0,1264558594.0,1269468064.1,693113487.6,1055715096.9,687888188.962,785386196.161,97498007.199,99.24611211129461,54.18712044951553,0,True,True,False,08.2023
6,5,Здравоохранение,2027397171.0,2171115595.0,2172261977.1,1373487659.7,1456886422.7,1372214379.83,1423251119.129,51036739.299000025,99.90729586385376,63.16983836645363,0,True,True,False,08.2023
7,6,Социальная помощь и социальное обеспечение,4663442896.0,4715889660.0,4704585933.0,3127566224.9,3147994149.1,3127388117.096,3138980944.099,11592827.002999783,99.99430522677403,66.47531072095309,0,True,True,False,08.2023
8,7,Жилищно-коммунальное хозяйство,336481716.0,623106309.0,604569872.0,288468092.9,600023950.0,288468092.9,288891499.9,423407.0,100.0,47.71459946320315,0,True,True,False,08.2023
9,8,"Культура, спорт, туризм и информационное пространство",197462331.0,252810914.0,256285410.7,159156457.0,239232461.8,150892678.141,229472762.247,78580084.106,94.80776399854139,58.8768114926489,0,True,True,False,08.2023
10,9,Топливно-энергетический комплекс и недропользование,109938511.0,184752773.0,184752773.0,110221553.6,184344400.0,110148350.467,116239595.247,6091244.780000001,99.93358546435876,59.61932190701137,0,True,True,False,08.2023
11,10,"Сельское, водное, лесное, рыбное хозяйство, особо охраняемые природные территории, охрана окружающей среды и животного мира, земельные отношения",433731024.0,683209621.0,680816724.0,406887013.4,515122358.3,397786089.148,458069136.195,60283047.04699999,97.76327974295579,58.42777874357857,0,True,True,False,08.2023
12,11,"Промышленность, архитектурная, градостроительная и строительная деятельность",181484873.0,229026652.0,229124754.0,187693067.2,207770366.9,187640089.173,191787376.084,4147286.9109999835,99.97177411622586,81.89428941972808,0,True,True,False,08.2023
13,12,Транспорт и коммуникации,647241258.0,835381644.0,839780570.0,516355825.4,759644612.5,516292983.069,644413046.839,128120063.76999998,99.98782964616477,61.47951042365746,0,True,True,False,08.2023
14,13,Прочие,1425291377.0,1298811866.0,1191919956.3,807288574.0,956239099.4,803758854.977,846161432.929,42402577.95200002,99.5627686137671,67.43396238385475,0,True,True,False,08.2023
15,14,Обслуживание долга,1759017679.0,1842725170.0,1842725170.0,1475827263.5,1475827263.5,1475827263.41,1475827263.41,0.0,99.99999999390174,80.08938540791735,0,True,True,False,08.2023
16,15,Трансферты,4995054752.0,4995054752.0,4995054752.0,3285056944.2,4945159722.0,3285056944.2,3285056944.2,0.0,100.0,65.7661849028717,0,True,True,False,08.2023
17,16,Погашение займов,2551756176.0,2551756176.0,2551756176.0,1918564519.8,1918564519.8,1918564519.556,1918564519.556,0.0,99.99999998728217,75.18604393321942,0,True,True,False,08.2023
1,0,Итого,23548453455.0,25068832180.0,25067801232.0,18100179757.2,21302779150.4,18029946383.263,18754839620.825,724893237.5620003,99.61197416335568,71.92472214215218,0,True,True,False,09.2023
2,1,Государственные услуги общего характера,907842888.0,1010393352.0,1135989743.3,753630237.4,949176834.5,738556859.212,825623774.718,87066915.50600004,97.99989737142147,65.01439503023373,0,True,True,False,09.2023
3,2,Оборона,1030363707.0,1148199687.0,1160400677.5,753099325.9,894436099.8,751165344.863,840626733.624,89461388.76099992,99.74319708297591,64.73327355179866,0,True,True,False,09.2023
4,3,"Общественный порядок, безопасность, правовая, судебная, уголовно-исполнительная деятельность",1071897410.0,1262039415.0,1266739649.5,817505788.2,1067616879.7,785856180.454,911248423.926,125392243.472,96.12851576064229,62.037702914264074,0,True,True,False,09.2023
5,4,Образование,1210049686.0,1264558594.0,1269468064.1,734658481.4,1114765552.3,731191826.556,826898180.917,95706354.36100006,99.52812702340361,57.59828444950954,0,True,True,False,09.2023
6,5,Здравоохранение,2027397171.0,2171115595.0,2172487454.3,1517464251.2,1591782996.3,1516885830.755,1560761332.081,43875501.325999975,99.96188243350429,69.82253581039701,0,True,True,False,09.2023
7,6,Социальная помощь и социальное обеспечение,4663442896.0,4715889660.0,4704585933.0,3517389394.2,3535244406.5,3517366013.401,3527831871.252,10465857.850999832,99.99933527976634,74.7646246342037,0,True,True,False,09.2023
8,7,Жилищно-коммунальное хозяйство,336481716.0,623106309.0,604569872.0,333035890.7,600023950.0,333035890.625,333209530.1,173639.47500002384,99.9999999774799,55.086418634006954,0,True,True,False,09.2023
9,8,"Культура, спорт, туризм и информационное пространство",197462331.0,252810914.0,256285410.7,177390563.7,241880088.7,170191914.831,233920804.911,63728890.08000001,95.94192119419935,66.40718032530597,0,True,True,False,09.2023
10,9,Топливно-энергетический комплекс и недропользование,109938511.0,184752773.0,184752773.0,123347917.2,184381741.0,123029424.259,127650888.629,4621464.36999999,99.74179301261846,66.59138169417355,0,True,True,False,09.2023
11,10,"Сельское, водное, лесное, рыбное хозяйство, особо охраняемые природные территории, охрана окружающей среды и животного мира, земельные отношения",433731024.0,683209621.0,684497863.3,479429384.0,575897414.5,471478371.76,523409848.324,51931476.56400001,98.34156759986993,68.87945120631613,0,True,True,False,09.2023
12,11,"Промышленность, архитектурная, градостроительная и строительная деятельность",181484873.0,229026652.0,229124754.0,196144914.4,207770366.9,196141895.107,200192325.87,4050430.7630000114,99.99846068249629,85.60484700269443,0,True,True,False,09.2023
13,12,Транспорт и коммуникации,647241258.0,835381644.0,839780570.0,573861795.4,777405056.9,573744390.539,684532797.517,110788406.97799993,99.97954126552054,68.32075080505852,0,True,True,False,09.2023
14,13,Прочие,1425291377.0,1298811866.0,1169582369.3,828638067.4,968904786.4,826878153.611,864508821.666,37630668.05500007,99.78761369309015,70.69858227308009,0,True,True,False,09.2023
15,14,Обслуживание долга,1759017679.0,1842725170.0,1842725170.0,1580833458.1,1580833458.1,1580674026.493,1580674026.493,0.0,99.98991471200316,85.77915210725645,0,True,True,False,09.2023
16,15,Трансферты,4995054752.0,4995054752.0,4995054752.0,3660851098.2,4959760329.0,3660851098.2,3660851098.2,0.0,100.0,73.28950892348497,0,True,True,False,09.2023
17,16,Погашение займов,2551756176.0,2551756176.0,2551756176.0,2052899189.8,2052899189.8,2052899162.597,2052899162.597,0.0,99.99999867489839,80.45044357705906,0,True,True,False,09.2023
1,0,Итого,23548453455.0,25068832180.0,25068832180.0,19832891931.1,22118136823.1,19726188491.658,20224226218.89,498037727.23199844,99.46198749122071,78.68810301979532,0,True,True,False,10.2023
2,1,Государственные услуги общего характера,907842888.0,1010393352.0,1122878329.3,835932188.1,950695066.3,818424251.326,884922457.143,66498205.81700003,97.9055793013792,72.88628072786871,0,True,True,False,10.2023
3,2,Оборона,1030363707.0,1148199687.0,1141791067.9,813696917.8,914781646.9,810785495.186,888434611.04,77649115.85399997,99.64219815138644,71.00997003569219,0,True,True,False,10.2023
4,3,"Общественный порядок, безопасность, правовая, судебная, уголовно-исполнительная деятельность",1071897410.0,1262039415.0,1281289397.1,948004165.1,1140140940.4,894130424.887,1009674996.252,115544571.36500001,94.31714097929968,69.78364348528332,0,True,True,False,10.2023
5,4,Образование,1210049686.0,1264558594.0,1273586559.1,827880402.1,1188292073.3,817779313.589,906577971.96,88798658.37100005,98.77988553837274,64.21073681610591,0,True,True,False,10.2023
6,5,Здравоохранение,2027397171.0,2171115595.0,2184499029.9,1675713042.0,1730631103.6,1674231229.908,1708447256.426,34216026.518000126,99.91157125027615,76.64142702707638,0,True,True,False,10.2023
7,6,Социальная помощь и социальное обеспечение,4663442896.0,4715889660.0,4703018320.0,3915916357.6,3928223578.7,3915849632.923,3923850026.593,8000393.670000076,99.99829606480561,83.26247882706525,0,True,True,False,10.2023
8,7,Жилищно-коммунальное хозяйство,336481716.0,623106309.0,604226659.0,389971673.1,601587937.0,389971673.025,389971673.025,0.0,99.99999998076781,64.54062680226758,0,True,True,False,10.2023
9,8,"Культура, спорт, туризм и информационное пространство",197462331.0,252810914.0,267618372.9,184360589.7,256062542.8,179249311.516,181487478.995,2238167.479000002,97.22756463715088,66.97944897190578,0,True,True,False,10.2023
10,9,Топливно-энергетический комплекс и недропользование,109938511.0,184752773.0,188752773.0,136905686.9,184464288.2,136905678.252,137560345.46,654667.2080000043,99.99999368324268,72.53174407774131,0,True,True,False,10.2023
11,10,"Сельское, водное, лесное, рыбное хозяйство, особо охраняемые природные территории, охрана окружающей среды и животного мира, земельные отношения",433731024.0,683209621.0,682217495.0,571334226.0,653270221.5,560986531.622,587373235.587,26386703.965000033,98.18885445557045,82.2298659494213,0,True,True,False,10.2023
12,11,"Промышленность, архитектурная, градостроительная и строительная деятельность",181484873.0,229026652.0,229260733.0,200846469.4,204165894.6,200778758.404,202230144.084,1451385.6799999774,99.96628718632581,87.57660144269015,0,True,True,False,10.2023
13,12,Транспорт и коммуникации,647241258.0,835381644.0,839817300.0,613553765.0,664848094.6,610341363.494,654095993.253,43754629.75900006,99.47642705672256,72.67549304997645,0,True,True,False,10.2023
14,13,Прочие,1425291377.0,1298811866.0,1165520795.8,870402127.4,980436697.3,868380508.968,901225710.514,32845201.546000004,99.76773742062893,74.50579278355593,0,True,True,False,10.2023
15,14,Обслуживание долга,1759017679.0,1842725170.0,1837544420.0,1678994983.1,1678994983.1,1678994981.269,1678994981.269,0.0,99.99999989094668,91.37166769927663,0,True,True,False,10.2023
16,15,Трансферты,4995054752.0,4995054752.0,4995054752.0,4101547041.0,4973709458.0,4101547041.0,4101547041.0,0.0,100.0,82.11215381288378,0,True,True,False,10.2023
17,16,Погашение займов,2551756176.0,2551756176.0,2551756176.0,2067832296.8,2067832296.8,2067832296.289,2067832296.289,0.0,99.99999997528813,81.0356536309212,0,True,True,False,10.2023
1,0,Итого,23548453455.0,25068832180.0,25068832180.0,22658899401.7,23718199785.6,22322689342.92,22777783723.494,455094380.5740013,98.51621187410903,89.04558929047009,0,True,True,False,11.2023
2,1,Государственные услуги общего характера,907842888.0,1010393352.0,1120980322.3,983052113.2,1055792870.1,928815831.694,993161007.538,64345175.84399998,94.482868122886,82.85746085072023,0,True,True,False,11.2023
3,2,Оборона,1030363707.0,1148199687.0,1140003460.4,953378281.4,1009071281.1,885081240.799,947661990.879,62580750.07999992,92.83631251797468,77.63846966643821,0,True,True,False,11.2023
4,3,"Общественный порядок, безопасность, правовая, судебная, уголовно-исполнительная деятельность",1071897410.0,1262039415.0,1284012137.1,1152735389.1,1198480774.2,1026661939.088,1101569841.957,74907902.86899996,89.06310579130984,79.95733914219556,0,True,True,False,11.2023
5,4,Образование,1210049686.0,1264558594.0,1278507437.1,1132800975.2,1227206899.7,1117707842.243,1201511996.897,83804154.65400004,98.66762712184854,87.42286589886902,0,True,True,False,11.2023
6,5,Здравоохранение,2027397171.0,2171115595.0,2205677268.5,1854281297.6,1888233229.0,1850592816.979,1870798355.689,20205538.7099998,99.80108300581072,83.90134147945952,0,True,True,False,11.2023
7,6,Социальная помощь и социальное обеспечение,4663442896.0,4715889660.0,4691753051.0,4314386542.4,4321084967.2,4314331765.417,4318694534.138,4362768.720999718,99.99873036450347,91.95564469228498,0,True,True,False,11.2023
8,7,Жилищно-коммунальное хозяйство,336481716.0,623106309.0,601604009.0,538103597.6,601455009.0,538103597.525,538277237.0,173639.47500002384,99.99999998606215,89.44481577166485,0,True,True,False,11.2023
9,8,"Культура, спорт, туризм и информационное пространство",197462331.0,252810914.0,268423848.9,228238068.5,262708020.2,201266778.484,230393888.599,29127110.11500001,88.18282585667781,74.98095989189878,0,True,True,False,11.2023
10,9,Топливно-энергетический комплекс и недропользование,109938511.0,184752773.0,188517126.0,166902434.5,188217679.2,166224500.462,168783879.173,2559378.7109999955,99.59381417051769,88.1747478274202,0,True,True,False,11.2023
11,10,"Сельское, водное, лесное, рыбное хозяйство, особо охраняемые природные территории, охрана окружающей среды и животного мира, земельные отношения",433731024.0,683209621.0,736583018.0,669308752.5,691463715.2,643708817.144,674277475.845,30568658.700999975,96.17516799826998,87.39121068685839,0,True,True,False,11.2023
12,11,"Промышленность, архитектурная, градостроительная и строительная деятельность",181484873.0,229026652.0,228669313.0,222587576.9,226165293.6,222475441.597,225117209.872,2641768.275000006,99.94962194001941,97.29134122906996,0,True,True,False,11.2023
13,12,Транспорт и коммуникации,647241258.0,835381644.0,836614598.0,702745338.5,811121671.3,697948326.847,756766275.974,58817949.126999974,99.3173897583954,83.425310592895,0,True,True,False,11.2023
14,13,Прочие,1425291377.0,1298811866.0,1129806294.7,1019537213.9,1052324909.9,1008928627.515,1029928212.807,20999585.292000055,98.9594704106563,89.30102728653172,0,True,True,False,11.2023
15,14,Обслуживание долга,1759017679.0,1842725170.0,1810869368.0,1757621750.1,1757621750.1,1757621748.427,1757621748.427,0.0,99.99999990481456,97.05955490142235,0,True,True,False,11.2023
16,15,Трансферты,4995054752.0,4995054752.0,4995054752.0,4520816354.5,4984848000.0,4520816354.5,4520816354.5,0.0,100.0,90.50584185668602,0,True,True,False,11.2023
17,16,Погашение займов,2551756176.0,2551756176.0,2551756176.0,2442403715.8,2442403715.8,2442403714.199,2442403714.199,0.0,99.99999993444982,95.71461949109828,0,True,True,False,11.2023
1,0,Итого,23548453455.0,25068832180.0,25068832180.0,25068832180.0,25068832180.0,24867054322.479,24888355349.434,21301026.954998016,99.19510467790367,99.19510467790367,0,True,True,False,12.2023
2,1,Государственные услуги общего характера,907842888.0,1010393352.0,1163437038.7,1163437038.7,1163437038.7,1137822557.705,1140563808.609,2741250.904000044,97.79837841301485,97.79837841301485,0,True,True,False,12.2023
3,2,Оборона,1030363707.0,1148199687.0,1106652264.5,1106652264.5,1106652264.5,1100070892.085,1103316286.895,3245394.809999943,99.405289933783,99.405289933783,0,True,True,False,12.2023
4,3,"Общественный порядок, безопасность, правовая, судебная, уголовно-исполнительная деятельность",1071897410.0,1262039415.0,1289693030.4,1289693030.4,1289693030.4,1275903777.754,1283321158.668,7417380.914000034,98.93081126120971,98.93081126120971,0,True,True,False,12.2023
5,4,Образование,1210049686.0,1264558594.0,1290318583.1,1290318583.1,1290318583.1,1287646148.773,1289875125.391,2228976.6180000305,99.7928856979972,99.7928856979972,0,True,True,False,12.2023
6,5,Здравоохранение,2027397171.0,2171115595.0,2215538345.3,2215538345.3,2215538345.3,2214672166.849,2214673625.903,1459.0539999008179,99.96090438006466,99.96090438006466,0,True,True,False,12.2023
7,6,Социальная помощь и социальное обеспечение,4663442896.0,4715889660.0,4689166566.6,4689166566.6,4689166566.6,4689152800.919,4689153215.919,415.0,99.99970643651052,99.99970643651052,0,True,True,False,12.2023
8,7,Жилищно-коммунальное хозяйство,336481716.0,623106309.0,597095462.0,597095462.0,597095462.0,597095460.134,597095460.134,0.0,99.99999968748715,99.99999968748715,0,True,True,False,12.2023
9,8,"Культура, спорт, туризм и информационное пространство",197462331.0,252810914.0,265717689.9,265717689.9,265717689.9,260100481.007,262817122.3,2716641.2930000126,97.88602373627666,97.88602373627666,0,True,True,False,12.2023
10,9,Топливно-энергетический комплекс и недропользование,109938511.0,184752773.0,189101019.0,189101019.0,189101019.0,189027576.922,189091602.147,64025.22500002384,99.96116251599891,99.96116251599891,0,True,True,False,12.2023
11,10,"Сельское, водное, лесное, рыбное хозяйство, особо охраняемые природные территории, охрана окружающей среды и животного мира, земельные отношения",433731024.0,683209621.0,765660223.7,765660223.7,765660223.7,761814729.087,764599373.441,2784644.3539999723,99.4977544223968,99.4977544223968,0,True,True,False,12.2023
12,11,"Промышленность, архитектурная, градостроительная и строительная деятельность",181484873.0,229026652.0,227811922.0,227811922.0,227811922.0,227413971.706,227422825.706,8854.0,99.82531630017151,99.82531630017151,0,True,True,False,12.2023
13,12,Транспорт и коммуникации,647241258.0,835381644.0,832496327.0,832496327.0,832496327.0,823766330.002,823805983.446,39653.44400000572,98.95134708528269,98.95134708528269,0,True,True,False,12.2023
14,13,Прочие,1425291377.0,1298811866.0,1079950411.8,1079950411.8,1079950411.8,1049743170.396,1049795501.735,52331.33899998665,97.20290477470607,97.20290477470607,0,True,True,False,12.2023
15,14,Обслуживание долга,1759017679.0,1842725170.0,1809382368.0,1809382368.0,1809382368.0,1808139556.669,1808139556.669,0.0,99.93131295225487,99.93131295225487,0,True,True,False,12.2023
16,15,Трансферты,4995054752.0,4995054752.0,4995054752.0,4995054752.0,4995054752.0,4995054752.0,4995054752.0,0.0,100.0,100.0,0,True,True,False,12.2023
17,16,Погашение займов,2551756176.0,2551756176.0,2551756176.0,2551756176.0,2551756176.0,2449629950.471,2449629950.471,0.0,95.99780627594727,95.99780627594727,0,True,True,False,12.2023
1,0,Итого,27000467208.0,27000467208.0,27000467208.0,2094784905.4,9536838537.3,2061240509.469,2965321019.06,904080509.5909998,98.39867110725649,7.634092008816324,0,True,True,False,01.2024
2,1,Государственные услуги общего характера,1014451604.0,1014451604.0,1014462926.6,48382648.8,292023687.8,40927022.351,198128719.647,157201697.296,84.59028880411361,4.034353674034006,0,True,True,False,01.2024
3,2,Оборона,1187630161.0,1187630161.0,1187630161.0,24107319.0,177998227.0,21817394.466,105284638.259,83467243.79300001,90.50112319001545,1.8370529128048978,0,True,True,False,01.2024
4,3,"Общественный порядок, безопасность, правовая, судебная, уголовно-исполнительная деятельность",1278199119.0,1278199119.0,1278199119.0,77437872.6,263896350.3,66466984.512,112774245.614,46307261.10199999,85.83265820760681,5.200049313443471,0,True,True,False,01.2024
5,4,Образование,1643205800.0,1643205800.0,1643205800.0,48954563.1,902966476.3,46909952.962,57546930.084,10636977.122000001,95.82345340551103,2.854782581828764,0,True,True,False,01.2024
6,5,Здравоохранение,2383119489.0,2383119489.0,2383119489.0,260396022.0,332254728.0,259605705.575,303783801.449,44178095.87400001,99.6964944322383,10.893524507406687,0,True,True,False,01.2024
7,6,Социальная помощь и социальное обеспечение,5455884724.0,5455884724.0,5455884724.0,468010075.9,522083718.9,467330213.94,467523441.032,193227.09200000763,99.85473347797212,8.565617449434953,0,True,True,False,01.2024
8,7,Жилищно-коммунальное хозяйство,460451982.0,460451982.0,460451982.0,5000000.0,218007244.0,5000000.0,5000000.0,0.0,100.0,1.0858895597065754,0,True,True,False,01.2024
9,8,"Культура, спорт, туризм и информационное пространство",342779903.0,342779903.0,342779903.0,10532404.0,198260372.0,6168454.256,82824647.019,76656192.763,58.5664417734071,1.7995378964793043,0,True,True,False,01.2024
10,9,Топливно-энергетический комплекс и недропользование,167876720.0,167876720.0,167876720.0,90000.0,84998364.0,90000.0,8581579.743,8491579.743,100.0,0.053610768664052996,0,True,True,False,01.2024
11,10,"Сельское, водное, лесное, рыбное хозяйство, особо охраняемые природные территории, охрана окружающей среды и животного мира, земельные отношения",723573448.0,723573448.0,723573448.0,32030689.0,197249968.0,27586322.099,71480768.812,43894446.71300001,86.12466031873369,3.8125116635015055,0,True,True,False,01.2024
12,11,"Промышленность, архитектурная, градостроительная и строительная деятельность",140359848.0,140359848.0,140359848.0,0.0,11452730.0,0.0,3313369.0,3313369.0,0.0,0.0,0,True,True,False,01.2024
13,12,Транспорт и коммуникации,858088614.0,858088614.0,858088614.0,9413583.0,518531720.0,9329194.154,349094681.089,339765486.935,99.10354170139041,1.087206379596595,0,True,True,False,01.2024
14,13,Прочие,1040635643.0,1040635643.0,1040624320.4,1611434.0,192379956.0,1533197.55,91508129.708,89974932.158,95.14491750825663,0.14733439531863549,0,True,True,False,01.2024
15,14,Обслуживание долга,2022608817.0,2022608817.0,2022608817.0,194362942.0,194362942.0,194157071.255,194157071.255,0.0,99.89407921958703,9.599338716568049,0,True,True,False,01.2024
16,15,Трансферты,5265026806.0,5265026806.0,5265026806.0,311604825.0,4827521526.0,311604825.0,311604825.0,0.0,100.0,5.918390095277323,0,True,True,False,01.2024
17,16,Погашение займов,3016574530.0,3016574530.0,3016574530.0,602850527.0,602850527.0,602714171.349,602714171.349,0.0,99.97738151583302,19.9800855359274,0,True,True,False,01.2024
1,0,Итого,27000467208.0,27000467208.0,27000467208.0,4499544123.9,12291289975.5,4429777596.346,5819119500.443,1389341904.0970001,98.44947564391191,16.406299795558706,0,True,True,False,02.2024
2,1,Государственные услуги общего характера,1014451604.0,1014451604.0,1094645355.1,222594913.3,451016472.3,203593143.098,398695184.332,195102041.23400003,91.4635200237525,18.599004887697255,0,True,True,False,02.2024
3,2,Оборона,1187630161.0,1187630161.0,1190287361.0,134231531.5,294518432.0,127423111.261,225600950.929,98177839.66799998,94.92785326747166,10.705239376308896,0,True,True,False,02.2024
4,3,"Общественный порядок, безопасность, правовая, судебная, уголовно-исполнительная деятельность",1278199119.0,1278199119.0,1278200019.0,168169210.0,387138479.4,149503980.468,220702962.545,71198982.07699999,88.90092334262614,11.696446428233076,0,True,True,False,02.2024
5,4,Образование,1643205800.0,1643205800.0,1643205800.0,163643231.6,1172034947.0,159819311.508,381220465.144,221401153.636,97.66325801891583,9.72606787950724,0,True,True,False,02.2024
6,5,Здравоохранение,2383119489.0,2383119489.0,2383119489.0,585093566.1,709700445.1,582957849.089,661915473.906,78957624.81700003,99.63497855133909,24.461964739066424,0,True,True,False,02.2024
7,6,Социальная помощь и социальное обеспечение,5455884724.0,5455884724.0,5455884724.0,914577231.2,974851312.1,914431808.834,936727461.994,22295653.159999967,99.98409949853996,16.760467918456705,0,True,True,False,02.2024
8,7,Жилищно-коммунальное хозяйство,460451982.0,460451982.0,460451982.0,24210864.0,448710320.0,24210864.0,24210864.0,0.0,100.0,5.258064889815155,0,True,True,False,02.2024
9,8,"Культура, спорт, туризм и информационное пространство",342779903.0,342779903.0,342779903.0,51780566.1,208363774.1,37767991.086,164835128.248,127067137.162,72.9385441886855,11.018146266877263,0,True,True,False,02.2024
10,9,Топливно-энергетический комплекс и недропользование,167876720.0,167876720.0,167876720.0,6755506.0,153057371.0,6428813.305,14700478.944,8271665.639,95.16405292216452,3.829484698652678,0,True,True,False,02.2024
11,10,"Сельское, водное, лесное, рыбное хозяйство, особо охраняемые природные территории, охрана окружающей среды и животного мира, земельные отношения",723573448.0,723573448.0,731312575.1,106275845.6,281066377.1,102446557.718,198684868.849,96238311.13100001,96.3968408245721,14.008586917022642,0,True,True,False,02.2024
12,11,"Промышленность, архитектурная, градостроительная и строительная деятельность",140359848.0,140359848.0,140359848.0,2645315.0,18337352.0,2645309.7,8112035.0,5466725.3,99.99979964578888,1.8846626992642512,0,True,True,False,02.2024
13,12,Транспорт и коммуникации,858088614.0,858088614.0,858088614.0,96823939.4,605563693.4,96431677.968,458061378.823,361629700.855,99.59487143940767,11.237962652654424,0,True,True,False,02.2024
14,13,Прочие,1040635643.0,1040635643.0,950044664.8,124002692.7,572110055.0,123377499.188,226912568.606,103535069.41800001,99.49582263224514,12.986494610121618,0,True,True,False,02.2024
15,14,Обслуживание долга,2022608817.0,2022608817.0,2022608817.0,439322533.0,439322533.0,439322509.082,439322509.082,0.0,99.99999455570835,21.720587065056783,0,True,True,False,02.2024
16,15,Трансферты,5265026806.0,5265026806.0,5265026806.0,750115112.4,4866196346.0,750115112.4,750115112.4,0.0,100.0,14.247128078154745,0,True,True,False,02.2024
17,16,Погашение займов,3016574530.0,3016574530.0,3016574530.0,709302066.0,709302066.0,709302057.641,709302057.641,0.0,99.99999882151761,23.513493553265533,0,True,True,False,02.2024
1,0,Итого,27000467208.0,27000467208.0,27064452782.0,6414787638.9,13922906509.3,6230836511.975,7743992165.353,1513155653.3779993,97.13238945262196,23.022215014518967,0,True,True,False,03.2024
2,1,Государственные услуги общего характера,1014451604.0,1014451604.0,1105906805.7,280000066.2,499763047.5,259889993.6,465874755.717,205984762.117,92.81783291235523,23.500171285725905,0,True,True,False,03.2024
3,2,Оборона,1187630161.0,1187630161.0,1191753662.0,173153290.3,342771151.5,172471500.977,294648128.86,122176627.88300002,99.60625101502907,14.472076443009074,0,True,True,False,03.2024
4,3,"Общественный порядок, безопасность, правовая, судебная, уголовно-исполнительная деятельность",1278199119.0,1278199119.0,1280491729.0,251313058.0,547305288.5,238474603.669,345147154.499,106672550.83000001,94.89144955969617,18.623673879973964,0,True,True,False,03.2024
5,4,Образование,1643205800.0,1643205800.0,1643205800.0,233282540.7,1272222448.4,230724468.342,503726812.496,273002344.154,98.90344457398137,14.041118181423167,0,True,True,False,03.2024
6,5,Здравоохранение,2383119489.0,2383119489.0,2383122758.8,732077057.1,851535334.1,607864795.377,687651201.656,79786406.27900004,83.03289790079667,25.507070214170785,0,True,True,False,03.2024
7,6,Социальная помощь и социальное обеспечение,5455884724.0,5455884724.0,5455884724.0,1352394598.4,1409121827.4,1349544337.914,1372114927.723,22570589.809000015,99.78924342870252,24.735572802289287,0,True,True,False,03.2024
8,7,Жилищно-коммунальное хозяйство,460451982.0,460451982.0,460451982.0,24610524.0,449644318.0,24610524.0,24610524.0,0.0,100.0,5.344862214101622,0,True,True,False,03.2024
9,8,"Культура, спорт, туризм и информационное пространство",342779903.0,342779903.0,344352033.6,53583432.8,303810560.3,51325877.456,182160275.612,130834398.15599999,95.7868407714259,14.905060068737749,0,True,True,False,03.2024
10,9,Топливно-энергетический комплекс и недропользование,167876720.0,167876720.0,167876720.0,19193815.0,154238910.0,6920035.843,14896460.957,7976425.114,36.05346744771688,4.122093785844756,0,True,True,False,03.2024
11,10,"Сельское, водное, лесное, рыбное хозяйство, особо охраняемые природные территории, охрана окружающей среды и животного мира, земельные отношения",723573448.0,723573448.0,732812673.8,171388726.5,341630450.7,170854615.267,271913294.546,101058679.27900001,99.68836268061074,23.314909986618193,0,True,True,False,03.2024
12,11,"Промышленность, архитектурная, градостроительная и строительная деятельность",140359848.0,140359848.0,140359848.0,2718063.8,18579848.0,2718058.5,8389875.33,5671816.83,99.99980500825625,1.9364929064328997,0,True,True,False,03.2024
13,12,Транспорт и коммуникации,858088614.0,858088614.0,858088614.0,119453983.8,636153411.4,118602554.989,469988122.805,351385567.816,99.28723280386735,13.821714104343075,0,True,True,False,03.2024
14,13,Прочие,1040635643.0,1040635643.0,938182096.1,191778877.5,579643254.4,186995546.872,293031031.983,106035485.11099997,97.50580945599705,19.931689983142494,0,True,True,False,03.2024
15,14,Обслуживание долга,2022608817.0,2022608817.0,2022608817.0,718394742.0,718394742.0,718394736.736,718394736.736,0.0,99.99999926725522,35.518224319893285,0,True,True,False,03.2024
16,15,Трансферты,5265026806.0,5265026806.0,5322779988.0,1192412111.7,4899059166.0,1192412111.7,1192412111.7,0.0,100.0,22.40205521152944,0,True,True,False,03.2024
17,16,Погашение займов,3016574530.0,3016574530.0,3016574530.0,899032751.1,899032751.1,899032750.733,899032750.733,0.0,99.99999995917835,29.803100894477154,0,True,True,False,03.2024
1,0,Итого,27000467208.0,27000467208.0,27064452782.0,8555348278.0,15851324583.5,8203797238.606,9698912352.59,1495115113.9840002,95.89086232412058,30.31207504798388,0,True,True,False,04.2024
2,1,Государственные услуги общего характера,1014451604.0,1014451604.0,1166420631.2,363608861.5,637917901.9,338436039.638,547528357.472,209092317.834,93.07695039165046,29.014922283209355,0,True,True,False,04.2024
3,2,Оборона,1187630161.0,1187630161.0,1175344555.0,233653313.4,676384600.8,225514204.902,354405431.22,128891226.31800002,96.5165875974263,19.187071905225274,0,True,True,False,04.2024
4,3,"Общественный порядок, безопасность, правовая, судебная, уголовно-исполнительная деятельность",1278199119.0,1278199119.0,1272943825.9,344982102.4,632163430.5,319365226.647,463544768.878,144179542.231,92.57443340544731,25.088713276188884,0,True,True,False,04.2024
5,4,Образование,1643205800.0,1643205800.0,1627499033.5,313080819.4,1323725040.9,309962156.831,572441661.345,262479504.51400006,99.00387938968068,19.045305124661997,0,True,True,False,04.2024
6,5,Здравоохранение,2383119489.0,2383119489.0,2369476308.8,986811386.0,1098996980.9,724126125.437,797867849.722,73741724.28499997,73.38039829193865,30.560597831160724,0,True,True,False,04.2024
7,6,Социальная помощь и социальное обеспечение,5455884724.0,5455884724.0,5453087997.0,1794052240.0,1847686096.1,1792641027.231,1810314961.175,17673933.944000006,99.92133937142209,32.873869415223375,0,True,True,False,04.2024
8,7,Жилищно-коммунальное хозяйство,460451982.0,460451982.0,460451982.0,25797236.0,449644318.0,25797236.0,25819875.0,22639.0,100.0,5.602589848337323,0,True,True,False,04.2024
9,8,"Культура, спорт, туризм и информационное пространство",342779903.0,342779903.0,336275269.3,75605463.5,300637380.0,63050842.572,206947404.432,143896561.86,83.39455861149506,18.74977089550724,0,True,True,False,04.2024
10,9,Топливно-энергетический комплекс и недропользование,167876720.0,167876720.0,167876720.0,7502099.0,159273910.0,7502096.736,15241677.434,7739580.698000001,99.99996982177922,4.468813028989368,0,True,True,False,04.2024
11,10,"Сельское, водное, лесное, рыбное хозяйство, особо охраняемые природные территории, охрана окружающей среды и животного мира, земельные отношения",723573448.0,723573448.0,731999746.8,245702013.6,435621247.9,240384845.314,349787606.954,109402761.63999999,97.83592807885724,32.83947110157662,0,True,True,False,04.2024
12,11,"Промышленность, архитектурная, градостроительная и строительная деятельность",140359848.0,140359848.0,140359848.0,2718060.2,18579848.0,2718058.5,8389875.33,5671816.83,99.99993745539557,1.9364929064328997,0,True,True,False,04.2024
13,12,Транспорт и коммуникации,858088614.0,858088614.0,847363490.0,190325676.0,640050137.4,185794295.608,504543694.14,318749398.53199995,97.61914393936003,21.926162479339297,0,True,True,False,04.2024
14,13,Прочие,1040635643.0,1040635643.0,953390039.5,222424932.1,581150723.3,219421009.376,292995115.674,73574106.29800004,98.64946672315968,23.01482082727381,0,True,True,False,04.2024
15,14,Обслуживание долга,2022608817.0,2022608817.0,2022608817.0,964122782.7,964122782.7,964122782.42,964122782.42,0.0,99.99999997095804,47.667288618370534,0,True,True,False,04.2024
16,15,Трансферты,5265026806.0,5265026806.0,5322779988.0,1634599093.1,4935007986.0,1634599093.1,1634599093.1,0.0,100.0,30.70949948683094,0,True,True,False,04.2024
17,16,Погашение займов,3016574530.0,3016574530.0,3016574530.0,1150362199.1,1150362199.1,1150362198.294,1150362198.294,0.0,99.99999992993511,38.13471826582053,0,True,True,False,04.2024
1,0,Итого,27000467208.0,27000467208.0,27064452782.0,10989149431.6,17331393009.7,10500580641.842,11831430788.88,1330850147.038,95.55408002412734,38.798422145914266,0,True,True,False,05.2024
2,1,Государственные услуги общего характера,1014451604.0,1014451604.0,1175571570.9,458298961.5,781277098.1,432191031.759,624791013.349,192599981.58999997,94.303297206795,36.76433170531004,0,True,True,False,05.2024
3,2,Оборона,1187630161.0,1187630161.0,1170777148.0,353552567.2,482549171.7,321851467.374,436829628.483,114978161.10899997,91.03355405475897,27.49041249428282,0,True,True,False,05.2024
4,3,"Общественный порядок, безопасность, правовая, судебная, уголовно-исполнительная деятельность",1278199119.0,1278199119.0,1272445539.9,443947609.5,720873996.5,419664085.29,561222101.058,141558015.76799995,94.53009235991844,32.98090740472719,0,True,True,False,05.2024
5,4,Образование,1643205800.0,1643205800.0,1626016170.5,460987300.8,1370311984.2,449577528.5,657588062.354,208010533.85399997,97.5249269816762,27.64901952738606,0,True,True,False,05.2024
6,5,Здравоохранение,2383119489.0,2383119489.0,2375256592.8,1114191202.4,1220739039.4,791221967.954,858332508.27,67110540.31599998,71.01312290472991,33.31101028631571,0,True,True,False,05.2024
7,6,Социальная помощь и социальное обеспечение,5455884724.0,5455884724.0,5453068147.9,2239776401.3,2289990886.8,2238633562.059,2253985636.673,15352074.613999844,99.94897529769771,41.05273400848855,0,True,True,False,05.2024
8,7,Жилищно-коммунальное хозяйство,460451982.0,460451982.0,460451982.0,25837236.0,449644318.0,25837236.0,26261283.0,424047.0,100.0,5.6112769648149765,0,True,True,False,05.2024
9,8,"Культура, спорт, туризм и информационное пространство",342779903.0,342779903.0,336275269.3,100643542.6,309491486.3,88246052.332,213714115.699,125468063.367,87.68178270783565,26.242207021555718,0,True,True,False,05.2024
10,9,Топливно-энергетический комплекс и недропользование,167876720.0,167876720.0,166583520.0,9537200.0,163403724.0,9533698.143,16621018.981,7087320.838000001,99.96328212682967,5.723074012963587,0,True,True,False,05.2024
11,10,"Сельское, водное, лесное, рыбное хозяйство, особо охраняемые природные территории, охрана окружающей среды и животного мира, земельные отношения",723573448.0,723573448.0,790883644.8,317815602.2,493598163.4,300529005.198,401501327.083,100972321.88499999,94.56080919805768,37.99914275304028,0,True,True,False,05.2024
12,11,"Промышленность, архитектурная, градостроительная и строительная деятельность",140359848.0,140359848.0,140359848.0,3096524.6,18579848.0,3096520.33,8389875.33,5293355.0,99.99986210346916,2.2061297259313077,0,True,True,False,05.2024
13,12,Транспорт и коммуникации,858088614.0,858088614.0,843539367.0,275829557.4,670013064.4,259221719.049,540658968.265,281437249.21599996,93.97894899025786,30.730245580702103,0,True,True,False,05.2024
14,13,Прочие,1040635643.0,1040635643.0,891260645.9,248232527.1,564748304.8,223573570.24,294132052.721,70558482.481,90.06618626975256,25.08509393615536,0,True,True,False,05.2024
15,14,Обслуживание долга,2022608817.0,2022608817.0,2022608817.0,1305716702.0,1305716702.0,1305716701.182,1305716701.182,0.0,99.99999993735241,64.5560669076229,0,True,True,False,05.2024
16,15,Трансферты,5265026806.0,5265026806.0,5322779988.0,2118096544.9,4976865270.0,2118096544.9,2118096544.9,0.0,100.0,39.793050805691124,0,True,True,False,05.2024
17,16,Погашение займов,3016574530.0,3016574530.0,3016574530.0,1513589952.1,1513589952.1,1513589951.532,1513589951.532,0.0,99.99999996247332,50.175785032965855,0,True,True,False,05.2024
1,0,Итого,27000467208.0,27000467208.0,27064452782.0,13086348179.8,19051820559.8,12513982788.156,13802373193.487,1288390405.3309994,95.62624053876621,46.23770851365149,0,True,True,False,06.2024
2,1,Государственные услуги общего характера,1014451604.0,1014451604.0,1197101619.7,542464956.2,808546070.1,500645887.469,708109204.669,207463317.20000005,92.2909179195749,41.8215028056235,0,True,True,False,06.2024
3,2,Оборона,1187630161.0,1187630161.0,1170778699.7,406551805.6,783511231.4,385345116.53,497924968.871,112579852.34100002,94.78376709243668,32.913574241548865,0,True,True,False,06.2024
4,3,"Общественный порядок, безопасность, правовая, судебная, уголовно-исполнительная деятельность",1278199119.0,1278199119.0,1272450312.4,565112941.1,784660630.4,518665310.202,643647780.441,124982470.23899996,91.78082335053432,40.761144474374994,0,True,True,False,06.2024
5,4,Образование,1643205800.0,1643205800.0,1626013355.6,562600960.0,1405775147.0,544424927.828,729332647.784,184907719.9560001,96.76928525468566,33.48219287086402,0,True,True,False,06.2024
6,5,Здравоохранение,2383119489.0,2383119489.0,2425033659.8,1241658321.4,1379728627.5,832353874.212,897262097.909,64908223.69700003,67.03566189396618,34.32339468148441,0,True,True,False,06.2024
7,6,Социальная помощь и социальное обеспечение,5455884724.0,5455884724.0,5453068147.9,2683728546.9,2730576004.7,2681697583.388,2696994983.426,15297400.038000107,99.92432306485148,49.17777498197475,0,True,True,False,06.2024
8,7,Жилищно-коммунальное хозяйство,460451982.0,460451982.0,460451982.0,100310543.9,452455150.0,100310543.9,100734590.9,424047.0,100.0,21.785234469899624,0,True,True,False,06.2024
9,8,"Культура, спорт, туризм и информационное пространство",342779903.0,342779903.0,357175781.3,117110294.8,335442181.7,109324669.58,222831580.891,113506911.311,93.351886584099,30.608085795205618,0,True,True,False,06.2024
10,9,Топливно-энергетический комплекс и недропользование,167876720.0,167876720.0,166583520.0,21886989.1,164931349.0,21886988.143,30405702.207,8518714.064,99.99999562753928,13.138747544174837,0,True,True,False,06.2024
11,10,"Сельское, водное, лесное, рыбное хозяйство, особо охраняемые природные территории, охрана окружающей среды и животного мира, земельные отношения",723573448.0,723573448.0,790883644.8,323499723.1,674922597.4,316683610.979,422523238.573,105839627.59400004,97.89300836004331,40.04174483328499,0,True,True,False,06.2024
12,11,"Промышленность, архитектурная, градостроительная и строительная деятельность",140359848.0,140359848.0,140359848.0,4427322.4,18579848.0,4427318.13,9619472.33,5192154.2,99.99990355344349,3.1542625566251683,0,True,True,False,06.2024
13,12,Транспорт и коммуникации,858088614.0,858088614.0,843539367.0,313685499.1,701963630.4,301476838.606,579976685.839,278499847.233,96.10799334714926,35.739510258802184,0,True,True,False,06.2024
14,13,Прочие,1040635643.0,1040635643.0,799049508.8,260640654.5,565531840.4,254070500.303,320340620.761,66270120.457999974,97.47922893701912,31.796590512214834,0,True,True,False,06.2024
15,14,Обслуживание долга,2022608817.0,2022608817.0,2022608817.0,1389988881.7,1389988881.7,1389988881.589,1389988881.589,0.0,99.99999999201432,68.72257600709352,0,True,True,False,06.2024
16,15,Трансферты,5265026806.0,5265026806.0,5322779988.0,2730081469.9,5032608100.0,2730081469.9,2730081469.9,0.0,100.0,51.29051879008455,0,True,True,False,06.2024
17,16,Погашение займов,3016574530.0,3016574530.0,3016574530.0,1822599270.1,1822599270.1,1822599267.397,1822599267.397,0.0,99.99999985169534,60.41950063793053,0,True,True,False,06.2024
1,0,Итого,27000467208.0,27000467208.0,27064452782.0,15651497122.8,20374138275.0,15013878127.224,16083925945.803,1070047818.5789986,95.92614693295276,55.47453055178495,0,True,True,False,07.2024
2,1,Государственные услуги общего характера,1014451604.0,1014451604.0,1261548718.7,704416742.4,961400285.2,644065254.049,800835978.269,156770724.22000003,91.43241710221453,51.05353796504157,0,True,True,False,07.2024
3,2,Оборона,1187630161.0,1187630161.0,1166803770.6,581197968.1,826177263.8,520472495.295,609370385.347,88897890.05199999,89.5516715236431,44.606686094900084,0,True,True,False,07.2024
4,3,"Общественный порядок, безопасность, правовая, судебная, уголовно-исполнительная деятельность",1278199119.0,1278199119.0,1273846235.4,700558426.4,882803461.5,643346684.868,755568989.95,112222305.08200002,91.83340898117561,50.50426550626676,0,True,True,False,07.2024
5,4,Образование,1643205800.0,1643205800.0,1633341259.9,828116186.5,1437618530.8,821653810.572,981102330.935,159448520.36299992,99.21962931852438,50.30509121053521,0,True,True,False,07.2024
6,5,Здравоохранение,2383119489.0,2383119489.0,2425033659.8,1379304516.9,1502277316.4,1021360571.721,1080040126.698,58679554.977,74.04895432493163,42.117377117364825,0,True,True,False,07.2024
7,6,Социальная помощь и социальное обеспечение,5455884724.0,5455884724.0,5452527539.9,3133446140.5,3174730387.7,3129536903.374,3141630726.855,12093823.480999947,99.87524160458759,57.396076965645115,0,True,True,False,07.2024
8,7,Жилищно-коммунальное хозяйство,460451982.0,460451982.0,460451982.0,177808312.7,452855150.0,167199944.7,167623991.7,424047.0,94.03381774512502,36.312134866649345,0,True,True,False,07.2024
9,8,"Культура, спорт, туризм и информационное пространство",342779903.0,342779903.0,357203845.6,163090483.4,338207324.9,153033336.743,249057106.972,96023770.229,93.83339453821252,42.84201825597591,0,True,True,False,07.2024
10,9,Топливно-энергетический комплекс и недропользование,167876720.0,167876720.0,166583520.0,52704997.0,165716111.0,52167343.531,58765298.419,6597954.887999997,98.97988141617769,31.31602905917704,0,True,True,False,07.2024
11,10,"Сельское, водное, лесное, рыбное хозяйство, особо охраняемые природные территории, охрана окружающей среды и животного мира, земельные отношения",723573448.0,723573448.0,789839312.8,426711127.0,687341028.8,404881449.267,490408914.374,85527465.107,94.88420236742503,51.26124297759822,0,True,True,False,07.2024
12,11,"Промышленность, архитектурная, градостроительная и строительная деятельность",140359848.0,140359848.0,140359848.0,13485644.0,20359848.0,12481787.6,17035727.33,4553939.729999999,92.5561107797299,8.89270526995726,0,True,True,False,07.2024
13,12,Транспорт и коммуникации,858088614.0,858088614.0,844884605.0,461231448.9,759819367.4,456770951.438,683542538.762,226771587.32399994,99.03291558443426,54.0631168723923,0,True,True,False,07.2024
14,13,Прочие,1040635643.0,1040635643.0,730065149.3,358508495.0,569632960.4,315991034.893,378027271.019,62036236.12599999,88.1404595149133,43.282580355462535,0,True,True,False,07.2024
15,14,Обслуживание долга,2022608817.0,2022608817.0,2022608817.0,1691363852.0,1691363852.0,1691363779.118,1691363779.118,0.0,99.99999569093309,83.62288174075532,0,True,True,False,07.2024
16,15,Трансферты,5265026806.0,5265026806.0,5322779988.0,3154039314.9,5078321920.0,3154039314.9,3154039314.9,0.0,100.0,59.255489086730215,0,True,True,False,07.2024
17,16,Погашение займов,3016574530.0,3016574530.0,3016574530.0,1825513467.1,1825513467.1,1825513465.155,1825513465.155,0.0,99.99999989345464,60.51610682912582,0,True,True,False,07.2024
1,0,Итого,27000467208.0,27000467208.0,27064452782.0,17977905571.5,21687782794.6,17129013074.819,18014273461.081,885260386.262001,95.27813463417712,63.28970776830614,0,True,True,False,08.2024
2,1,Государственные услуги общего характера,1014451604.0,1014451604.0,1277471047.9,834143737.0,1049394799.8,776893663.441,884293989.375,107400325.93400002,93.1366656584991,60.81497226243322,0,True,True,False,08.2024
3,2,Оборона,1187630161.0,1187630161.0,1166803770.6,697008589.8,776753311.8,630623774.169,716787975.551,86164201.38199997,90.47575358432118,54.047114867028355,0,True,True,False,08.2024
4,3,"Общественный порядок, безопасность, правовая, судебная, уголовно-исполнительная деятельность",1278199119.0,1278199119.0,1273850147.5,801702540.3,959019387.0,739552705.994,840322603.77,100769897.77600002,92.24776881925017,58.056491765959464,0,True,True,False,08.2024
5,4,Образование,1643205800.0,1643205800.0,1633341259.9,961711861.3,1458891446.5,888075803.182,1006920967.696,118845164.51399994,92.3432307449695,54.37172408394139,0,True,True,False,08.2024
6,5,Здравоохранение,2383119489.0,2383119489.0,2425033659.8,1593646027.0,1698199348.0,1205255843.063,1255477067.499,50221224.43600011,75.62882990596506,49.700582018412106,0,True,True,False,08.2024
7,6,Социальная помощь и социальное обеспечение,5455884724.0,5455884724.0,5452527539.9,3575389303.4,3612306883.6,3575195071.191,3585205618.866,10010547.67500019,99.99456752279212,65.56950047530745,0,True,True,False,08.2024
8,7,Жилищно-коммунальное хозяйство,460451982.0,460451982.0,460451982.0,232988556.7,452855150.0,220440868.7,220864915.7,424047.0,94.61446168098435,47.8748875707956,0,True,True,False,08.2024
9,8,"Культура, спорт, туризм и информационное пространство",342779903.0,342779903.0,357203845.6,184800714.6,342594691.3,174071010.398,258850119.629,84779109.231,94.19390545906472,48.73156113580206,0,True,True,False,08.2024
10,9,Топливно-энергетический комплекс и недропользование,167876720.0,167876720.0,166583520.0,84209680.7,165748111.0,83026366.494,88979277.998,5952911.503999993,98.59480026979843,49.84068441704198,0,True,True,False,08.2024
11,10,"Сельское, водное, лесное, рыбное хозяйство, особо охраняемые природные территории, охрана окружающей среды и животного мира, земельные отношения",723573448.0,723573448.0,789839312.8,475288590.7,718913571.0,458204367.594,531748968.56,73544600.96600002,96.40550532028583,58.01235266065121,0,True,True,False,08.2024
12,11,"Промышленность, архитектурная, градостроительная и строительная деятельность",140359848.0,140359848.0,140359848.0,14195260.0,20359848.0,14065439.55,17646086.33,3580646.7799999975,99.0854662049163,10.020985168066012,0,True,True,False,08.2024
13,12,Транспорт и коммуникации,858088614.0,858088614.0,841148927.0,557098537.5,796815000.4,533715956.969,727420037.609,193704080.64,95.80279269158915,63.45082777107317,0,True,True,False,08.2024
14,13,Прочие,1040635643.0,1040635643.0,717874586.0,478217108.1,590464365.1,342387140.892,392250769.316,49863628.423999965,71.5965897272758,47.69456219362528,0,True,True,False,08.2024
15,14,Обслуживание долга,2022608817.0,2022608817.0,2022608817.0,1848679150.0,1848679150.0,1848679149.431,1848679149.431,0.0,99.99999996922126,91.40072632398694,0,True,True,False,08.2024
16,15,Трансферты,5265026806.0,5265026806.0,5322779988.0,3558709923.3,5116671740.0,3558709923.3,3558709923.3,0.0,100.0,66.85810669092041,0,True,True,False,08.2024
17,16,Погашение займов,3016574530.0,3016574530.0,3016574530.0,2080115991.1,2080115991.1,2080115990.451,2080115990.451,0.0,99.99999996879983,68.95622732885039,0,True,True,False,08.2024
1,0,Итого,21504671667.0,21504671667.0,21580077585.0,15556331831.5,18585273192.2,14773812038.169,15570898701.388,797086663.2189999,94.96976664031763,68.46042133063537,0,True,True,False,09.2024
2,1,Государственные услуги общего характера,1014451604.0,1014451604.0,1294742440.0,933652775.8,1112062349.3,869819033.958,978632332.612,108813298.65400004,93.16301054347488,67.1808544375822,0,True,True,False,09.2024
3,2,Оборона,1187630161.0,1187630161.0,1173203070.9,750474412.9,825792844.7,713000092.663,793580431.184,80580338.52100003,95.00658255726655,60.773800405758884,0,True,True,False,09.2024
4,3,"Общественный порядок, безопасность, правовая, судебная, уголовно-исполнительная деятельность",1278199119.0,1278199119.0,1274064602.9,877752586.2,1021618670.2,825963469.933,922012055.535,96048585.602,94.0998047648931,64.82901008731885,0,True,True,False,09.2024
5,4,Образование,1643205800.0,1643205800.0,1633457162.9,945898985.2,1496706645.0,921353821.611,1037515737.104,116161915.49300003,97.40509674150773,56.40514134911568,0,True,True,False,09.2024
6,5,Здравоохранение,2266635626.0,2266635626.0,2315373302.2,1753388757.5,1780233896.1,1364206812.102,1381099606.884,16892794.782000065,77.80401273058807,58.91951897371239,0,True,True,False,09.2024
7,6,Социальная помощь и социальное обеспечение,76573046.0,76573046.0,77817309.2,32441554.5,63153366.1,31724016.866,33681191.013,1957174.1469999962,97.78821439028145,40.76730124973275,0,True,True,False,09.2024
8,7,Жилищно-коммунальное хозяйство,460451982.0,460451982.0,458909130.0,289877008.9,458903650.0,256812490.7,257236537.7,424047.0,88.59360446505559,55.961512620156405,0,True,True,False,09.2024
9,8,"Культура, спорт, туризм и информационное пространство",342779903.0,342779903.0,356838600.1,188606711.9,341320415.4,183168242.827,261902429.726,78734186.89900002,97.11650289737118,51.33083774447864,0,True,True,False,09.2024
10,9,Топливно-энергетический комплекс и недропользование,167876720.0,167876720.0,166015048.0,94073688.9,165711639.0,93334458.294,98842875.148,5508416.854000002,99.21420046918134,56.220480865083985,0,True,True,False,09.2024
11,10,"Сельское, водное, лесное, рыбное хозяйство, особо охраняемые природные территории, охрана окружающей среды и животного мира, земельные отношения",723573448.0,723573448.0,789228936.8,489241923.9,639822959.4,474570098.514,543075276.61,68505178.09600002,97.00111035680604,60.13085384808461,0,True,True,False,09.2024
12,11,"Промышленность, архитектурная, градостроительная и строительная деятельность",140359848.0,140359848.0,140394292.0,14551922.0,20394292.0,14065439.55,17646086.33,3580646.7799999975,96.65691961515462,10.018526643519097,0,True,True,False,09.2024
13,12,Транспорт и коммуникации,858088614.0,858088614.0,841251297.0,597032976.4,794807999.5,576639615.363,762971791.982,186332176.61899996,96.5842153041582,68.5454652396215,0,True,True,False,09.2024
14,13,Прочие,1040635643.0,1040635643.0,696819058.0,506586734.7,590459790.4,366402656.608,399950560.38,33547903.772000015,72.32772425929849,52.58218075430422,0,True,True,False,09.2024
15,14,Обслуживание долга,2022608817.0,2022608817.0,2022608817.0,1959322474.0,1960122474.0,1959322471.709,1959322471.709,0.0,99.99999988307184,96.87105362346496,0,True,True,False,09.2024
16,15,Трансферты,5265026806.0,5265026806.0,5322779988.0,3965655677.6,5156388560.0,3965655677.6,3965655677.6,0.0,100.0,74.5034678596601,0,True,True,False,09.2024
17,16,Погашение займов,3016574530.0,3016574530.0,3016574530.0,2157773641.1,2157773641.1,2157773639.871,2157773639.871,0.0,99.99999994304314,71.53059267761569,0,True,True,False,09.2024
1,0,Итого,27000467208.0,27000467208.0,27494452782.0,22962599347.5,25298897873.4,21680011519.897,22495450274.351,815438754.4540024,94.41444843332756,78.8523113800265,0,True,True,False,10.2024
2,1,Государственные услуги общего характера,1014451604.0,1014451604.0,1318824934.1,1067729008.1,1221444819.0,958577089.711,1090833352.105,132256262.39400005,89.77718900948159,72.68418005496368,0,True,True,False,10.2024
3,2,Оборона,1187630161.0,1187630161.0,1172809011.9,814680926.9,966365508.0,778526787.522,846570954.212,68044166.69000006,95.56217186579134,66.38137835083256,0,True,True,False,10.2024
4,3,"Общественный порядок, безопасность, правовая, судебная, уголовно-исполнительная деятельность",1278199119.0,1278199119.0,1273955834.7,1006334633.4,1111705299.8,927975762.199,1018352300.586,90376538.38699996,92.21343789627345,72.84206696361073,0,True,True,False,10.2024
5,4,Образование,1643205800.0,1643205800.0,1664705106.9,1245174292.2,1609009879.4,1033303627.818,1147539400.969,114235773.15100014,82.98465799453163,62.07127157447179,0,True,True,False,10.2024
6,5,Здравоохранение,2383119489.0,2383119489.0,2438841612.4,1987523409.2,2050766892.5,1537290915.687,1578651659.164,41360743.477,77.3470595903963,63.0336512166607,0,True,True,False,10.2024
7,6,Социальная помощь и социальное обеспечение,5455884724.0,5455884724.0,5386983824.2,4462724510.9,4496870587.4,4459373733.364,4468111056.61,8737323.245999336,99.92491632571505,82.78052949279544,0,True,True,False,10.2024
8,7,Жилищно-коммунальное хозяйство,460451982.0,460451982.0,458909130.0,362254786.5,458909130.0,285733613.021,285922412.7,188799.67899996042,78.87642169801946,62.26365838940707,0,True,True,False,10.2024
9,8,"Культура, спорт, туризм и информационное пространство",342779903.0,342779903.0,360589282.1,228037799.1,352262119.7,198435765.63,271216813.655,72781048.02499998,87.01880408123971,55.03096611034851,0,True,True,False,10.2024
10,9,Топливно-энергетический комплекс и недропользование,167876720.0,167876720.0,166015048.0,115736985.6,165743639.0,104188573.681,108126419.496,3937845.8150000125,90.0218483666815,62.7585119157391,0,True,True,False,10.2024
11,10,"Сельское, водное, лесное, рыбное хозяйство, особо охраняемые природные территории, охрана окружающей среды и животного мира, земельные отношения",723573448.0,723573448.0,786760918.8,555961281.3,762131254.4,529502411.29,590374648.592,60872237.301999986,95.2408790144286,67.30156501642442,0,True,True,False,10.2024
12,11,"Промышленность, архитектурная, градостроительная и строительная деятельность",140359848.0,140359848.0,140394292.0,16642347.0,20394292.0,14342559.62,19425578.024,5083018.404000001,86.18111147424098,10.215913635577149,0,True,True,False,10.2024
13,12,Транспорт и коммуникации,858088614.0,858088614.0,843678955.0,656303430.6,809022662.0,615072331.584,783093001.223,168020669.63900006,93.71767735873236,72.90360011220145,0,True,True,False,10.2024
14,13,Прочие,1040635643.0,1040635643.0,611939130.9,545322494.7,601070587.2,383296798.353,432120961.598,48824163.245000005,70.28809595757906,62.63642558521665,0,True,True,False,10.2024
15,14,Обслуживание долга,2022608817.0,2022608817.0,2100691183.0,2099399683.0,2100199683.0,2055678933.394,2056399098.394,720165.0,97.91746421798426,97.8572647912142,0,True,True,False,10.2024
16,15,Трансферты,5265026806.0,5265026806.0,5322779988.0,4421384619.0,5195612380.0,4421384619.0,4421384619.0,0.0,100.0,83.06532730956077,0,True,True,False,10.2024
17,16,Погашение займов,3016574530.0,3016574530.0,3446574530.0,3377389140.0,3377389140.0,3377327998.023,3377327998.023,0.0,99.99818966738904,97.99085929016599,0,True,True,False,10.2024
1,0,Итого,27000467208.0,27000467208.0,27494452782.0,25219209704.1,26384195167.1,24280992134.783,24772764172.947,491772038.16399765,96.27975031602809,88.31233095382505,0,True,True,False,11.2024
2,1,Государственные услуги общего характера,1014451604.0,1014451604.0,1328548504.5,1206626566.9,1281082668.7,1130308838.057,1211974800.027,81665961.97000003,93.67511615138132,85.07847731779972,0,True,True,False,11.2024
3,2,Оборона,1187630161.0,1187630161.0,1172809011.9,992989489.2,1025658882.5,867536649.432,921044685.51,53508036.07799995,87.36614625507558,73.97083758987783,0,True,True,False,11.2024
4,3,"Общественный порядок, безопасность, правовая, судебная, уголовно-исполнительная деятельность",1278199119.0,1278199119.0,1273955834.7,1155797675.6,1179640680.4,1092493615.795,1126340955.903,33847340.10800004,94.52291165301597,85.75600393967096,0,True,True,False,11.2024
5,4,Образование,1643205800.0,1643205800.0,1664705106.9,1470102147.8,1642223364.2,1300168531.423,1388039533.432,87871002.00899982,88.44069327894633,78.1020329687198,0,True,True,False,11.2024
6,5,Здравоохранение,2383119489.0,2383119489.0,2438841612.4,2166452012.7,2202209411.7,1869840396.738,1895261890.295,25421493.55700016,86.30887671532868,76.66920177312946,0,True,True,False,11.2024
7,6,Социальная помощь и социальное обеспечение,5455884724.0,5455884724.0,5386983824.2,4913329516.8,4941825861.4,4912013823.344,4916148927.661,4135104.317000389,99.97322195770705,91.18300673704852,0,True,True,False,11.2024
8,7,Жилищно-коммунальное хозяйство,460451982.0,460451982.0,458909130.0,438769530.8,458909130.0,431470677.121,431659476.8,188799.67900002003,98.33651765525009,94.02093985818064,0,True,True,False,11.2024
9,8,"Культура, спорт, туризм и информационное пространство",342779903.0,342779903.0,361371477.4,258393032.9,356920846.2,244246236.585,281173881.826,36927645.24099997,94.52508600706935,67.58868694959156,0,True,True,False,11.2024
10,9,Топливно-энергетический комплекс и недропользование,167876720.0,167876720.0,160292100.0,148861134.7,160052691.0,145663856.682,149388082.052,3724225.369999975,97.85217409201975,90.87400856436469,0,True,True,False,11.2024
11,10,"Сельское, водное, лесное, рыбное хозяйство, особо охраняемые природные территории, охрана окружающей среды и животного мира, земельные отношения",723573448.0,723573448.0,786761635.9,751727857.4,775547005.3,625431593.396,658610035.999,33178442.602999926,83.19920397245612,79.49441925705366,0,True,True,False,11.2024
12,11,"Промышленность, архитектурная, градостроительная и строительная деятельность",140359848.0,140359848.0,140394292.0,17488278.0,140394292.0,17380567.977,20393783.024,3013215.0469999984,99.38410160794562,12.379825226085403,0,True,True,False,11.2024
13,12,Транспорт и коммуникации,858088614.0,858088614.0,843678955.0,720696426.0,820973806.0,744664402.778,852082551.537,107418148.75899994,103.32566888267043,88.26395376639447,0,True,True,False,11.2024
14,13,Прочие,1040635643.0,1040635643.0,597994730.1,573250511.3,596480316.7,504437460.361,524551509.987,20114049.625999987,87.99598960968254,84.35483374187012,0,True,True,False,11.2024
15,14,Обслуживание долга,2022608817.0,2022608817.0,2164927023.0,2129038689.0,2129838689.0,2127852197.718,2128610771.518,758573.7999999523,99.94427103236168,98.28747921347369,0,True,True,False,11.2024
16,15,Трансферты,5265026806.0,5265026806.0,5267705014.0,4836515721.0,5233266408.0,4833837513.0,4833837513.0,0.0,99.94462526011502,91.7636333119089,0,True,True,False,11.2024
17,16,Погашение займов,3016574530.0,3016574530.0,3446574530.0,3439171114.0,3439171114.0,3433645774.376,3433645774.376,0.0,99.83934095045439,99.62488100833265,0,True,True,False,11.2024
1,0,Итого,27000467208.0,27566611374.0,27566611374.0,27566611374.0,27566611374.0,27035641895.532,27055665706.277,20023810.744998932,98.07386743599254,98.07386743599254,0,True,True,False,12.2024
2,1,Государственные услуги общего характера,1014451604.0,971354765.0,1329951241.8,1329951241.8,1329951241.8,1303059457.69,1303871852.596,812394.9059998989,97.97798721751606,97.97798721751606,0,True,True,False,12.2024
3,2,Оборона,1187630161.0,1163373252.0,1130716687.7,1130716687.7,1130716687.7,1038491173.428,1039199711.9,708538.4720000029,91.84362313962158,91.84362313962158,0,True,True,False,12.2024
4,3,"Общественный порядок, безопасность, правовая, судебная, уголовно-исполнительная деятельность",1278199119.0,1271101522.0,1292613841.8,1292613841.8,1292613841.8,1287986899.545,1292573719.744,4586820.198999882,99.6420476011183,99.6420476011183,0,True,True,False,12.2024
5,4,Образование,1643205800.0,1657167088.0,1687848853.6,1687848853.6,1687848853.6,1687045692.837,1687175731.397,130038.5600001812,99.95241512524733,99.95241512524733,0,True,True,False,12.2024
6,5,Здравоохранение,2383119489.0,2339631896.0,2446706938.4,2446706938.4,2446706938.4,2234191083.137,2234196817.279,5734.141999721527,91.31420882788795,91.31420882788795,0,True,True,False,12.2024
7,6,Социальная помощь и социальное обеспечение,5455884724.0,5386981114.0,5359728137.3,5359728137.3,5359728137.3,5330622587.296,5330623528.141,940.8450002670288,99.45695846396674,99.45695846396674,0,True,True,False,12.2024
8,7,Жилищно-коммунальное хозяйство,460451982.0,458909130.0,457488882.0,457488882.0,457488882.0,457488881.223,457488881.223,0.0,99.99999983015981,99.99999983015981,0,True,True,False,12.2024
9,8,"Культура, спорт, туризм и информационное пространство",342779903.0,331765473.0,358168021.3,358168021.3,358168021.3,357898256.565,357956381.851,58125.28600001335,99.92468207127457,99.92468207127457,0,True,True,False,12.2024
10,9,Топливно-энергетический комплекс и недропользование,167876720.0,160292100.0,159034556.0,159034556.0,159034556.0,158442546.429,158442546.429,0.0,99.62774783928091,99.62774783928091,0,True,True,False,12.2024
11,10,"Сельское, водное, лесное, рыбное хозяйство, особо охраняемые природные территории, охрана окружающей среды и животного мира, земельные отношения",723573448.0,719013852.0,794529911.0,794529911.0,794529911.0,714242738.357,714288065.661,45327.30400002003,89.89500942237025,89.89500942237025,0,True,True,False,12.2024
12,11,"Промышленность, архитектурная, градостроительная и строительная деятельность",140359848.0,120394292.0,120458388.0,120458388.0,120458388.0,75458387.024,75458387.024,0.0,62.6427003356545,62.6427003356545,0,True,True,False,12.2024
13,12,Транспорт и коммуникации,858088614.0,903812719.0,915777696.0,915777696.0,915777696.0,891930417.467,905466048.935,13535631.467999935,97.39595333702034,97.39595333702034,0,True,True,False,12.2024
14,13,Прочие,1040635643.0,1180285812.0,619994374.1,619994374.1,619994374.1,610112199.27,610252458.833,140259.56299996376,98.40608637064727,98.40608637064727,0,True,True,False,12.2024
15,14,Обслуживание долга,2022608817.0,2190927023.0,2181992509.0,2181992509.0,2181992509.0,2181991482.61,2181991482.61,0.0,99.99995296088343,99.99995296088343,0,True,True,False,12.2024
16,15,Трансферты,5265026806.0,5265026806.0,5265026806.0,5265026806.0,5265026806.0,5265026806.0,5265026806.0,0.0,100.0,100.0,0,True,True,False,12.2024
17,16,Погашение займов,3016574530.0,3446574530.0,3446574530.0,3446574530.0,3446574530.0,3441653286.654,3441653286.654,0.0,99.85721349406013,99.85721349406013,0,True,True,False,12.2024
1,0,Итого,29938459793.0,29938459793.0,29938459793.0,2359613424.8,10966430322.7,1824367768.727,2736887162.472,912519393.7450001,77.31638367338212,6.0937262014846905,0,True,True,False,01.2025
2,1,Государственные услуги общего характера,1034151125.0,1034151125.0,1054656169.1,66160098.4,374833658.7,42034728.749,183462311.43,141427582.681,63.534864314832994,3.9856334206882513,0,True,True,False,01.2025
3,2,Оборона,1213563312.0,1213563312.0,1213563312.0,36813909.0,189018589.0,23678560.987,94588912.386,70910351.399,64.31960536165829,1.9511599232492287,0,True,True,False,01.2025
4,3,"Общественный порядок, безопасность, правовая, судебная, уголовно-исполнительная деятельность",1316756306.0,1316756306.0,1316756306.0,95178267.0,294515689.0,54023047.127,132064267.017,78041219.89000002,56.759855826120464,4.1027369210867475,0,True,True,False,01.2025
5,4,Образование,1440306825.0,1440306825.0,1440306825.0,69990476.0,789975098.0,30116142.077,39917622.535,9801480.457999997,43.02891450116727,2.090953229843926,0,True,True,False,01.2025
6,5,Здравоохранение,2591028478.0,2591028478.0,2591028478.0,387529678.0,497483044.0,191732504.457,258961993.826,67229489.36900002,49.475566735046286,7.399860946530283,0,True,True,False,01.2025
7,6,Социальная помощь и социальное обеспечение,6108396231.0,6108396231.0,6108396231.0,524370065.0,600846223.0,522899463.48,524854784.363,1955320.8829999566,99.71954891818625,8.560339632623942,0,True,True,False,01.2025
8,7,Жилищно-коммунальное хозяйство,257084245.0,257084245.0,257084245.0,5000000.0,139935269.0,0.0,0.0,0.0,0.0,0.0,0,True,True,False,01.2025
9,8,"Культура, спорт, туризм и информационное пространство",279159938.0,279159938.0,279269938.0,13062326.4,219141470.0,2485783.091,121186205.185,118700422.094,19.030171310066176,0.8901004915896102,0,True,True,False,01.2025
10,9,Топливно-энергетический комплекс и недропользование,113450630.0,113450630.0,113450630.0,578586.0,76274290.0,0.0,8157074.157,8157074.157,0.0,0.0,0,True,True,False,01.2025
11,10,"Сельское, водное, лесное, рыбное хозяйство, особо охраняемые природные территории, охрана окружающей среды и животного мира, земельные отношения",923615427.0,923615427.0,923615427.0,103053573.0,339097739.0,9936885.215,101812535.846,91875650.631,9.642446084814546,1.0758682590735895,0,True,True,False,01.2025
12,11,"Промышленность, архитектурная, градостроительная и строительная деятельность",48158532.0,48158532.0,48158532.0,0.0,2899341.0,0.0,0.0,0.0,0.0,0.0,0,True,True,False,01.2025
13,12,Транспорт и коммуникации,1286490726.0,1286490726.0,1286490726.0,99793110.0,914977423.0,14807664.288,289606812.041,274799147.753,14.83836337799273,1.1510121284776367,0,True,True,False,01.2025
14,13,Прочие,861931034.0,861931034.0,841315989.9,22928416.0,151089679.0,31514.842,49653169.272,49621654.43,0.13744884077469635,0.003745898375679975,0,True,True,False,01.2025
15,14,Обслуживание долга,2502000000.0,2502000000.0,2502000000.0,195523475.0,195523475.0,192990086.037,192990086.037,0.0,98.70430445091057,7.713432695323741,0,True,True,False,01.2025
16,15,Трансферты,5774300885.0,5774300885.0,5774300885.0,333112995.0,5774300885.0,333112995.0,333112995.0,0.0,100.0,5.768888764791134,0,True,True,False,01.2025
17,16,Погашение займов,4188066099.0,4188066099.0,4188066099.0,406518450.0,406518450.0,406518393.377,406518393.377,0.0,99.99998607123489,9.706589718678648,0,True,True,False,01.2025
1,0,Итого,29938459793.0,29938459793.0,29938459793.0,5067240450.4,13617367537.0,4506529548.291,5793683334.75,1287153786.4589996,88.934590580466,15.052643253694317,0,True,True,False,02.2025
2,1,Государственные услуги общего характера,1034151125.0,1034151125.0,1126808072.4,261935284.9,536017476.9,209188661.13,413290618.964,204101957.834,79.86272686013368,18.56471090808277,0,True,True,False,02.2025
3,2,Оборона,1213563312.0,1213563312.0,1213563312.0,97717087.1,254379094.0,80846185.699,162490676.337,81644490.63800001,82.73495260482443,6.66188446037993,0,True,True,False,02.2025
4,3,"Общественный порядок, безопасность, правовая, судебная, уголовно-исполнительная деятельность",1316756306.0,1316756306.0,1316756306.0,190419984.8,451145458.5,158301801.379,246238179.631,87936378.252,83.13297658607942,12.022103152851733,0,True,True,False,02.2025
5,4,Образование,1440306825.0,1440306825.0,1440306825.0,218747803.0,941157098.7,200966479.888,307973450.571,107006970.68299997,91.87131350891785,13.953032534439322,0,True,True,False,02.2025
6,5,Здравоохранение,2591028478.0,2591028478.0,2591028478.0,635413651.7,781795412.5,363392643.45,438829054.816,75436411.366,57.18993327854557,14.025034712489948,0,True,True,False,02.2025
7,6,Социальная помощь и социальное обеспечение,6108396231.0,6108396231.0,6108396231.0,1017809860.2,1098799462.9,1014764494.988,1038464717.485,23700222.49699998,99.70079232565092,16.612617397641767,0,True,True,False,02.2025
8,7,Жилищно-коммунальное хозяйство,257084245.0,257084245.0,257084245.0,6868613.0,218013326.0,6868613.0,6868613.0,0.0,100.0,2.6717362629514696,0,True,True,False,02.2025
9,8,"Культура, спорт, туризм и информационное пространство",279159938.0,279159938.0,279269938.0,53092905.8,229717548.0,51080957.916,215955336.269,164874378.353,96.21051465599008,18.290890269757572,0,True,True,False,02.2025
10,9,Топливно-энергетический комплекс и недропользование,113450630.0,113450630.0,113450630.0,8403574.0,84448527.0,8403571.496,18505465.388,10101893.892,99.99997020315404,7.407249740261468,0,True,True,False,02.2025
11,10,"Сельское, водное, лесное, рыбное хозяйство, особо охраняемые природные территории, охрана окружающей среды и животного мира, земельные отношения",923615427.0,923615427.0,1040386957.2,124543490.5,440996891.6,64939002.091,218906046.514,153967044.423,52.14162685684484,6.241812398895382,0,True,True,False,02.2025
12,11,"Промышленность, архитектурная, градостроительная и строительная деятельность",48158532.0,48158532.0,48158532.0,165609.0,8611404.0,162149.24,3423199.0,3261049.76,97.91088648563785,0.3366988844261282,0,True,True,False,02.2025
13,12,Транспорт и коммуникации,1286490726.0,1286490726.0,1286490726.0,208661270.0,1015927254.0,158105266.374,506973513.894,348868247.52,75.77125662754761,12.28965457571437,0,True,True,False,02.2025
14,13,Прочие,861931034.0,861931034.0,652392556.4,89580201.8,404727596.9,35628611.166,61883352.407,26254741.240999997,39.77286325559495,5.461222819984952,0,True,True,False,02.2025
15,14,Обслуживание долга,2502000000.0,2502000000.0,2502000000.0,529604876.0,529604876.0,529604873.726,529604873.726,0.0,99.99999957062329,21.1672611401279,0,True,True,False,02.2025
16,15,Трансферты,5774300885.0,5774300885.0,5774300885.0,776551013.6,5774300885.0,776551013.6,776551013.6,0.0,100.0,13.448398846296005,0,True,True,False,02.2025
17,16,Погашение займов,4188066099.0,4188066099.0,4188066099.0,847725225.0,847725225.0,847725223.148,847725223.148,0.0,99.99999978153299,20.2414480361333,0,True,True,False,02.2025
1,0,Итого,29938459793.0,29938459793.0,29939215116.0,7545140993.6,15758717164.2,6468512946.847,7892358658.069,1423845711.2220001,85.73084256919485,21.60548605494378,0,True,True,False,03.2025
2,1,Государственные услуги общего характера,1034151125.0,1034151125.0,1157784706.8,357742677.6,621989976.2,267677659.266,513923413.548,246245754.28199998,74.82407775940457,23.119813009608155,0,True,True,False,03.2025
3,2,Оборона,1213563312.0,1213563312.0,1213563312.0,197961849.8,622210894.0,135744329.649,242582560.664,106838231.01500002,68.5709543460732,11.185599326110808,0,True,True,False,03.2025
4,3,"Общественный порядок, безопасность, правовая, судебная, уголовно-исполнительная деятельность",1316756306.0,1316756306.0,1317220258.0,296406061.1,560680741.2,253131655.329,351780870.967,98649215.63800001,85.40029660311153,19.217109195795558,0,True,True,False,03.2025
5,4,Образование,1440306825.0,1440306825.0,1440306825.0,315957575.1,1001230412.1,257873976.29,366403579.385,108529603.095,81.61664622485577,17.904100141301488,0,True,True,False,03.2025
6,5,Здравоохранение,2591028478.0,2591028478.0,2591030212.3,821341488.4,966396009.1,432782426.72,518871717.03,86089290.30999994,52.69214240754771,16.703102289796483,0,True,True,False,03.2025
7,6,Социальная помощь и социальное обеспечение,6108396231.0,6108396231.0,6108396231.0,1508095532.4,1585419447.9,1502995328.32,1527378842.221,24383513.901000023,99.66181160474073,24.605400034338405,0,True,True,False,03.2025
8,7,Жилищно-коммунальное хозяйство,257084245.0,257084245.0,257084245.0,24045674.5,224117236.0,23285891.5,23285891.5,0.0,96.84025083180761,9.057689046639167,0,True,True,False,03.2025
9,8,"Культура, спорт, туризм и информационное пространство",279159938.0,279159938.0,279478778.9,65908894.5,236046973.2,56978180.484,223861266.235,166883085.75100002,86.44991076887202,20.38730121416027,0,True,True,False,03.2025
10,9,Топливно-энергетический комплекс и недропользование,113450630.0,113450630.0,113450630.0,10012096.0,102095878.0,8436571.496,19918079.602,11481508.106000002,84.26378948024468,7.436337282569519,0,True,True,False,03.2025
11,10,"Сельское, водное, лесное, рыбное хозяйство, особо охраняемые природные территории, охрана окружающей среды и животного мира, земельные отношения",923615427.0,923615427.0,1108574957.2,218018233.3,622457124.0,99108003.815,276377688.65,177269684.83499998,45.45858496093042,8.940126526520457,0,True,True,False,03.2025
12,11,"Промышленность, архитектурная, градостроительная и строительная деятельность",48158532.0,48158532.0,48158532.0,6628190.0,47321502.0,258793.34,6718023.0,6459229.66,3.904434543970526,0.5373779665875198,0,True,True,False,03.2025
13,12,Транспорт и коммуникации,1286490726.0,1286490726.0,1286490726.0,429432037.0,1098042956.0,210398702.731,561039456.582,350640753.851,48.99464515988126,16.35446711576217,0,True,True,False,03.2025
14,13,Прочие,861931034.0,861931034.0,553308717.8,132818914.3,416309751.5,59069659.907,99445500.685,40375840.778000005,44.47383132012245,10.675714661042344,0,True,True,False,03.2025
15,14,Обслуживание долга,2502000000.0,2502000000.0,2502000000.0,978506860.0,978506860.0,978506858.802,978506858.802,0.0,99.99999987756857,39.108987162350125,0,True,True,False,03.2025
16,15,Трансферты,5774300885.0,5774300885.0,5774300885.0,1280674391.6,5774300885.0,1280674391.6,1280674391.6,0.0,100.0,22.178864889545842,0,True,True,False,03.2025
17,16,Погашение займов,4188066099.0,4188066099.0,4188066099.0,901590518.0,901590518.0,901590517.598,901590517.598,0.0,99.99999995541214,21.527609552611317,0,True,True,False,03.2025
