id,name,utv,utch,plg,plgp,plgo,sumrg,obz,obzsumrg,plgpsumrg,plgsumrg,level,isLeaf,loaded,expanded,code,month
1,Итого,29324068273.0,29387512381.6,28365066830.7,1990249710.2,10539948234.6,1889813901.525,3633514311.283,1743700409.758,94.95360767243085,6.662469412832907,0,True,True,False,,01.2023
2,Государственные услуги общего характера,1238576525.2,1239335775.2,1240636238.6,81147245.4,456218871.3,68922737.715,170441066.457,101518328.74199998,84.93540030257145,5.555434830178433,0,True,True,False,1.0,01.2023
3,Оборона,1099024059.4,1100507290.3,1098572231.3,115488733.4,288865329.0,109487448.217,152477936.221,42990488.00399999,94.80357520052254,9.966340409627646,0,True,True,False,2.0,01.2023
4,"Общественный порядок, безопасность, правовая, судебная, уголовно-исполнительная деятельность",1363759501.0,1364394590.0,1362034953.0,82886086.0,423047202.4,64505110.776,134367947.119,69862836.343,77.82381083358189,4.735936521593804,0,True,True,False,3.0,01.2023
5,Образование,6215800341.0,6219664160.6,5717777613.6,272152647.5,3933401924.9,263781032.62,1042455357.204,778674324.584,96.9239267165314,4.6133489346032714,0,True,True,False,4.0,01.2023
6,Здравоохранение,2335291942.0,2335434357.0,2323984647.0,292093812.8,552890661.0,273495693.42,369114669.817,95618976.39699996,93.63282665876447,11.768395018144886,0,True,True,False,5.0,01.2023
7,Социальная помощь и социальное обеспечение,5312107080.4,5313051975.7,5299228588.7,423881711.0,845128432.3,421920465.752,440639612.771,18719147.019000053,99.5373130764776,7.961922356995455,0,True,True,False,6.0,01.2023
8,Жилищно-коммунальное хозяйство,1554154086.7,1561983503.1,1286247574.2,31441531.3,856961740.0,29699991.386,189334664.107,159634672.721,94.461020688264,2.309041585907156,0,True,True,False,7.0,01.2023
9,"Культура, спорт, туризм и информационное пространство",751543684.3,756944736.7,757199260.8,49407155.8,510586128.3,30106818.267,129808568.239,99701749.97199999,60.93614938870859,3.9760760245845193,0,True,True,False,8.0,01.2023
10,Топливно-энергетический комплекс и недропользование,205358597.0,205763806.4,188403504.4,11440931.0,147066269.0,10556761.689,20459340.017,9902578.328000002,92.27187620482982,5.6032724670486544,0,True,True,False,9.0,01.2023
11,"Сельское, водное, лесное, рыбное хозяйство, особо охраняемые природные территории, охрана окружающей среды и животного мира, земельные отношения",1060562656.2,1062223071.4,1043795779.4,95077833.8,697011735.8,85445781.732,161757081.108,76311299.37600002,89.86929793934787,8.186063157020655,0,True,True,False,10.0,01.2023
12,"Промышленность, архитектурная, градостроительная и строительная деятельность",209537558.9,209615375.6,207687533.6,2616606.3,42875130.6,2491882.941,7753318.556,5261435.615,95.23339223787698,1.19982306968857,0,True,True,False,11.0,01.2023
13,Транспорт и коммуникации,1474838899.8,1496566481.2,1398961087.2,40977398.5,855254304.8,39160726.717,267810408.644,228649681.927,95.56664930058945,2.799272050903118,0,True,True,False,12.0,01.2023
14,Прочие,1972941131.1,1991455045.4,1898825542.9,47690142.4,413626525.2,46299626.513,103154517.243,56854890.730000004,97.08426979450579,2.4383296657305564,0,True,True,False,13.0,01.2023
15,Обслуживание долга,1819380632.0,1819380635.0,1819380635.0,165830705.0,181372334.0,165822654.882,165822654.882,0.0,99.99514558054855,9.114236553474145,0,True,True,False,14.0,01.2023
16,Трансферты,0.0,0.0,11140063.0,944063.0,7313277.0,944063.0,944063.0,0.0,100.0,8.474485287919826,0,True,True,False,15.0,01.2023
17,Погашение займов,2711191578.0,2711191578.0,2711191578.0,277173107.0,328328369.0,277173105.898,277173105.898,0.0,99.99999960241453,10.22329473679119,0,True,True,False,16.0,01.2023
1,Итого,29330118273.0,29400189686.9,28381671640.9,4286910618.0,13288190203.6,4127001459.532,6787964835.973,2660963376.4409995,96.2698275584154,14.541079580332747,0,True,True,False,,02.2023
2,Государственные услуги общего характера,1238576525.2,1241914102.8,1245708953.9,271170135.0,613451866.7,213252893.747,351697005.723,138444111.97599998,78.6417330754362,17.11899822822651,0,True,True,False,1.0,02.2023
3,Оборона,1099024059.4,1100577283.3,1098793077.3,161847528.2,360391435.9,157012283.282,241446748.957,84434465.67499998,97.01246909867854,14.289522433815938,0,True,True,False,2.0,02.2023
4,"Общественный порядок, безопасность, правовая, судебная, уголовно-исполнительная деятельность",1363759501.0,1365614510.0,1363254591.0,186145393.9,562077113.3,149360504.485,233783084.921,84422580.43599999,80.23862495638147,10.956171024183995,0,True,True,False,3.0,02.2023
5,Образование,6215800341.0,6218262656.6,5717462944.1,744023912.9,4357467277.4,733168344.046,1667002753.447,933834409.401,98.54096505961913,12.82331606193575,0,True,True,False,4.0,02.2023
6,Здравоохранение,2335291942.0,2336417550.0,2323152420.3,565783647.8,846294129.5,560944180.975,675340881.986,114396701.01099992,99.1446435675867,24.14581910654672,0,True,True,False,5.0,02.2023
7,Социальная помощь и социальное обеспечение,5312107080.4,5315337558.7,5300801450.0,871290275.0,1284247518.1,867848776.756,926137009.612,58288232.85599995,99.60501128696748,16.372029492936395,0,True,True,False,6.0,02.2023
8,Жилищно-коммунальное хозяйство,1560204086.7,1576509440.2,1313440069.1,114126550.2,1083825738.1,106421444.899,448006097.572,341584652.67300004,93.24863032528604,8.102497205823978,0,True,True,False,7.0,02.2023
9,"Культура, спорт, туризм и информационное пространство",751543684.3,756272199.1,755574905.6,108001180.1,570173947.8,96123920.316,285712034.804,189588114.48800004,89.00265740337035,12.721957757407024,0,True,True,False,8.0,02.2023
10,Топливно-энергетический комплекс и недропользование,205358597.0,206813806.4,189741823.4,24395896.5,183006046.4,20857698.121,66065226.279,45207528.158,85.49674786905248,10.99267296331885,0,True,True,False,9.0,02.2023
11,"Сельское, водное, лесное, рыбное хозяйство, особо охраняемые природные территории, охрана окружающей среды и животного мира, земельные отношения",1060562656.2,1036195146.4,1018865178.7,217984231.0,786698817.2,208379220.02,331257481.037,122878261.01699999,95.5937129323818,20.452089675483577,0,True,True,False,10.0,02.2023
12,"Промышленность, архитектурная, градостроительная и строительная деятельность",209537558.9,210461490.9,209929674.0,5660125.3,48857166.8,5299537.003,18032521.794,12732984.791000001,93.6293230646325,2.524434446080262,0,True,True,False,11.0,02.2023
13,Транспорт и коммуникации,1474838899.8,1500913245.2,1404794415.9,138413534.2,1130052167.5,136496274.449,555582417.5,419086143.051,98.61483216790805,9.716459070742523,0,True,True,False,12.0,02.2023
14,Прочие,1972941131.1,2004328484.3,1904626486.6,197945622.7,711891691.9,191716114.737,307781305.645,116065190.90799999,96.85291956547015,10.065811647891005,0,True,True,False,13.0,02.2023
15,Обслуживание долга,1819380632.0,1819380635.0,1819586728.0,381952487.2,397450352.0,381950177.802,381950177.802,0.0,99.99939537034646,20.99103999411013,0,True,True,False,14.0,02.2023
16,Трансферты,0.0,0.0,4747345.0,794218.0,4473793.0,794218.0,794218.0,0.0,100.0,16.729729985918446,0,True,True,False,15.0,02.2023
17,Погашение займов,2711191578.0,2711191578.0,2711191578.0,297375880.0,347831142.0,297375870.894,297375870.894,0.0,99.99999693788212,10.968456574852933,0,True,True,False,16.0,02.2023
1,Итого,29330118273.0,29400189686.9,28410485062.1,6371664369.4,14636183620.7,6293937495.631,9573346671.244,3279409175.613,98.78011663416729,22.153572816069953,0,True,True,False,,03.2023
2,Государственные услуги общего характера,1238576525.2,1241914102.8,1256233560.6,358619091.6,711609862.7,332991026.317,477816899.836,144825873.51900005,92.85368072049401,26.50709523776434,0,True,True,False,1.0,03.2023
3,Оборона,1099024059.4,1100577283.3,1098856703.0,216626344.3,407141239.0,215709503.797,318140787.668,102431283.87099999,99.57676407919698,19.630357917287053,0,True,True,False,2.0,03.2023
4,"Общественный порядок, безопасность, правовая, судебная, уголовно-исполнительная деятельность",1363759501.0,1365614510.0,1364416134.0,279886478.8,684387485.6,258768505.664,355423061.905,96654556.24099997,92.4548076682581,18.9655120029532,0,True,True,False,3.0,03.2023
5,Образование,6215800341.0,6218262656.6,5717516050.5,1378657043.7,4427105743.7,1374916285.223,2608823198.627,1233906913.4039998,99.7286664951161,24.047440760621264,0,True,True,False,4.0,03.2023
6,Здравоохранение,2335291942.0,2336417550.0,2323420496.9,577621359.5,860540002.2,575581858.403,714505301.762,138923443.35899997,99.64691383664112,24.773038680297613,0,True,True,False,5.0,03.2023
7,Социальная помощь и социальное обеспечение,5312107080.4,5315337558.7,5300520642.0,1307412293.1,1681450142.5,1306950034.812,1366503314.422,59553279.609999895,99.96464326590477,24.657012453758878,0,True,True,False,6.0,03.2023
8,Жилищно-коммунальное хозяйство,1560204086.7,1576509440.2,1325290182.7,198111181.1,1165764670.8,194867026.754,614410593.053,419543566.29899997,98.36245772298817,14.70372521412627,0,True,True,False,7.0,03.2023
9,"Культура, спорт, туризм и информационное пространство",751543684.3,756272199.1,758489371.2,167499804.7,589050455.6,161036893.088,368862116.58,207825223.49199998,96.14154080742043,21.23126561855769,0,True,True,False,8.0,03.2023
10,Топливно-энергетический комплекс и недропользование,205358597.0,206813806.4,194216392.0,30276519.1,182626679.0,28736671.906,93577649.418,64840977.511999995,94.914054720379,14.796213445258525,0,True,True,False,9.0,03.2023
11,"Сельское, водное, лесное, рыбное хозяйство, особо охраняемые природные территории, охрана окружающей среды и животного мира, земельные отношения",1060562656.2,1036195146.4,1018535622.1,291077321.7,823026229.8,288168148.206,433646231.794,145478083.58800006,99.00054958695877,28.292397629830525,0,True,True,False,10.0,03.2023
12,"Промышленность, архитектурная, градостроительная и строительная деятельность",209537558.9,210461490.9,223067747.7,14457629.2,62732434.6,14359024.868,37553524.048,23194499.18,99.31797716876015,6.43706901425804,0,True,True,False,11.0,03.2023
13,Транспорт и коммуникации,1474838899.8,1500913245.2,1416206302.0,236879601.9,1180452640.0,232324376.119,722406944.372,490082568.253,98.07698689778994,16.40469865095968,0,True,True,False,12.0,03.2023
14,Прочие,1972941131.1,2004328484.3,1882937551.4,424141771.0,903946903.7,419130216.429,571279123.714,152148907.28499997,98.81842466041856,22.25937955920889,0,True,True,False,13.0,03.2023
15,Обслуживание долга,1819380632.0,1819380635.0,1819586728.0,559561866.6,575057806.4,559561861.788,559561861.788,0.0,99.99999914004147,30.75214020730096,0,True,True,False,14.0,03.2023
16,Погашение займов,2711191578.0,2711191578.0,2711191578.0,330836063.1,381291325.1,330836062.257,330836062.257,0.0,99.99999974519102,12.202607331092853,0,True,True,False,16.0,03.2023
1,Итого,29330118273.0,31271337992.0,30096825100.8,8972482837.2,17647276386.0,8854096493.796,12427631971.689,3573535477.8929996,98.68056205230987,29.418706006836082,0,True,True,False,,04.2023
2,Государственные услуги общего характера,1238576525.2,1350029624.1,1379140438.0,481514860.7,836221630.0,464919247.068,617344509.897,152425262.82899994,96.5534576424341,33.710797991118,0,True,True,False,1.0,04.2023
3,Оборона,1099024059.4,1212522091.6,1209791513.3,353016474.5,614469337.7,349286537.659,462113254.625,112826716.96600002,98.94340997929828,28.871630675126507,0,True,True,False,2.0,04.2023
4,"Общественный порядок, безопасность, правовая, судебная, уголовно-исполнительная деятельность",1363759501.0,1563726771.1,1561365252.1,403152628.9,844270199.6,377274623.472,488133725.036,110859101.56400001,93.58108974791806,24.16312409697695,0,True,True,False,3.0,04.2023
5,Образование,6215800341.0,6286376500.2,5781995196.2,1796389871.7,4615012595.6,1789814920.156,3013370897.544,1223555977.3880002,99.6339908364225,30.95497072242967,0,True,True,False,4.0,04.2023
6,Здравоохранение,2335291942.0,2487928029.0,2466749258.9,810128640.1,1102748910.8,807885114.975,926672274.206,118787159.23099995,99.72306557083044,32.75100264285722,0,True,True,False,5.0,04.2023
7,Социальная помощь и социальное обеспечение,5312107080.4,5372707740.7,5358807483.0,1741937944.8,2083855763.3,1740982552.934,1800293821.093,59311268.15899992,99.94515350739951,32.48824591025152,0,True,True,False,6.0,04.2023
8,Жилищно-коммунальное хозяйство,1560204086.7,2009633574.5,1644171529.7,294582815.4,1447227807.4,288272546.87,768999173.642,480726626.77199996,97.8578965913434,17.532997115124537,0,True,True,False,7.0,04.2023
9,"Культура, спорт, туризм и информационное пространство",751543684.3,828028228.2,823610268.8,240903090.1,672565896.0,220114112.774,446861325.285,226747212.51100004,91.37039823052066,26.72551825934689,0,True,True,False,8.0,04.2023
10,Топливно-энергетический комплекс и недропользование,205358597.0,370289001.6,318288994.7,82681871.6,300492981.5,80144317.732,209540738.441,129396420.70900002,96.93094287914015,25.179732590986752,0,True,True,False,9.0,04.2023
11,"Сельское, водное, лесное, рыбное хозяйство, особо охраняемые природные территории, охрана окружающей среды и животного мира, земельные отношения",1060562656.2,1176933503.4,1277025511.7,376724711.9,884296116.5,360712555.975,510623993.746,149911437.77099997,95.74964014326453,28.24630774171557,0,True,True,False,10.0,04.2023
12,"Промышленность, архитектурная, градостроительная и строительная деятельность",209537558.9,255510201.0,252527660.8,19138742.0,217394994.6,18941282.345,41478156.029,22536873.684,98.9682725489481,7.500676276410507,0,True,True,False,11.0,04.2023
13,Транспорт и коммуникации,1474838899.8,1798106614.4,1635982965.5,336121707.7,1341650267.9,324203644.923,915006477.94,590802833.0170001,96.45424187013911,19.81705505252096,0,True,True,False,12.0,04.2023
14,Прочие,1972941131.1,1945455749.2,1773072572.1,509858450.6,1096065707.1,505214023.262,700862610.554,195648587.292,99.08907514771317,28.49370246947266,0,True,True,False,13.0,04.2023
15,Обслуживание долга,1819380632.0,1902646520.0,1902852613.0,744834127.9,760052016.7,744834115.152,744834115.152,0.0,99.99999828847798,39.14302716161023,0,True,True,False,14.0,04.2023
16,Погашение займов,2711191578.0,2711443843.0,2711443843.0,781496899.3,830952161.3,781496898.499,781496898.499,0.0,99.99999989750438,28.8221679573616,0,True,True,False,16.0,04.2023
1,Итого,29330118273.0,32394955071.6,30704740001.9,11808559709.5,20168837697.2,11651874614.892,15470443931.934,3818569317.042,98.67312273077684,37.94812987887533,0,True,True,False,,05.2023
2,Государственные услуги общего характера,1238576525.2,1389842392.3,1422531194.6,580763832.7,950830568.1,556320148.909,720254870.526,163934721.61699998,95.79111466405197,39.10776445682312,0,True,True,False,1.0,05.2023
3,Оборона,1099024059.4,1222762442.4,1219943925.1,518749046.4,736642324.6,484415094.302,615776400.468,131361306.16600007,93.38139465773098,39.70798036985938,0,True,True,False,2.0,05.2023
4,"Общественный порядок, безопасность, правовая, судебная, уголовно-исполнительная деятельность",1363759501.0,1584411726.4,1582158858.1,524243487.9,1006449299.9,489421938.972,625637787.588,136215848.61600006,93.35775269856242,30.933805190696358,0,True,True,False,3.0,05.2023
5,Образование,6215800341.0,6358191391.2,5822515713.1,2263428304.1,4815897849.1,2250578184.085,3380167816.118,1129589632.033,99.43227183331926,38.65302036062271,0,True,True,False,4.0,05.2023
6,Здравоохранение,2335291942.0,2527046015.0,2483448603.2,941606146.9,1232597237.2,938315913.183,1074061501.642,135745588.459,99.65057219222365,37.78277963852165,0,True,True,False,5.0,05.2023
7,Социальная помощь и социальное обеспечение,5312107080.4,5379581297.0,5366319269.9,2174827101.8,2489380351.8,2172028511.439,2234463833.693,62435322.25399971,99.87131894950713,40.47520101202394,0,True,True,False,6.0,05.2023
8,Жилищно-коммунальное хозяйство,1560204086.7,2432726422.3,1878714617.0,444299097.2,1752705044.6,430508571.172,1052129803.898,621621232.7260001,96.89611657666902,22.915059438854623,0,True,True,False,7.0,05.2023
9,"Культура, спорт, туризм и информационное пространство",751543684.3,856358807.5,851132238.2,309005924.0,716623210.9,303977217.1,533002132.674,229024915.574,98.372617963143,35.71445228568244,0,True,True,False,8.0,05.2023
10,Топливно-энергетический комплекс и недропользование,205358597.0,425188029.0,339642178.9,121317835.0,325875980.9,116363068.063,278142648.288,161779580.225,95.91587919698699,34.26048803475039,0,True,True,False,9.0,05.2023
11,"Сельское, водное, лесное, рыбное хозяйство, особо охраняемые природные территории, охрана окружающей среды и животного мира, земельные отношения",1060562656.2,1324461819.0,1286666859.5,481920358.2,934946476.5,473896393.885,626653494.589,152757100.704,98.33500200220428,36.831320429684226,0,True,True,False,10.0,05.2023
12,"Промышленность, архитектурная, градостроительная и строительная деятельность",209537558.9,272572068.8,265261033.7,63448295.4,236201256.9,62807470.28,93420153.912,30612683.632,98.99000419796936,23.677608958967124,0,True,True,False,11.0,05.2023
13,Транспорт и коммуникации,1474838899.8,1926730230.1,1738239524.4,494752094.9,1485089775.8,490618299.858,1095266782.843,604648482.9849999,99.1644714424432,28.225011166245917,0,True,True,False,12.0,05.2023
14,Прочие,1972941131.1,2080173988.9,1833257544.5,859802286.2,1393690134.7,852227975.607,1111070877.658,258842902.051,99.11906368306188,46.4870840523084,0,True,True,False,13.0,05.2023
15,Обслуживание долга,1819380632.0,1901826309.0,1901826309.0,972475436.5,987108866.2,972475367.08,972475367.08,0.0,99.99999286151636,51.13376350290041,0,True,True,False,14.0,05.2023
16,Погашение займов,2711191578.0,2713082132.7,2713082132.7,1057920462.3,1104799320.0,1057920460.957,1057920460.957,0.0,99.99999987305284,38.993307582037,0,True,True,False,16.0,05.2023
1,Итого,29330118273.0,32557423930.3,30849845680.0,14233536064.6,21632666362.9,14143580365.906,17834484120.882,3690903754.976,99.36800175103552,45.84651901541052,0,True,True,False,,06.2023
2,Государственные услуги общего характера,1238576525.2,1400741826.8,1449795675.5,667398537.8,1034917673.2,652238806.183,828739659.392,176500853.209,97.7285338881664,44.98832609347233,0,True,True,False,1.0,06.2023
3,Оборона,1099024059.4,1230992018.9,1228007790.6,587224291.0,811212349.2,576168879.244,711614682.92,135445803.676,98.11734427110066,46.91899218021134,0,True,True,False,2.0,06.2023
4,"Общественный порядок, безопасность, правовая, судебная, уголовно-исполнительная деятельность",1363759501.0,1585779674.4,1583522891.2,642408313.7,1077159312.2,620623018.669,775966097.04,155343078.37099993,96.60880867099524,39.19255112243369,0,True,True,False,3.0,06.2023
5,Образование,6215800341.0,6380979602.6,5852312816.8,2947824928.3,5063407001.6,2940529391.602,3956808628.491,1016279236.8889999,99.75251119467914,50.24559492378364,0,True,True,False,4.0,06.2023
6,Здравоохранение,2335291942.0,2533467580.0,2487026359.5,1126999144.4,1403388211.4,1126421271.869,1256937426.446,130516154.57700014,99.9487246699457,45.29189116015077,0,True,True,False,5.0,06.2023
7,Социальная помощь и социальное обеспечение,5312107080.4,5383896222.7,5369403944.1,2619018383.2,2893427630.1,2618486800.512,2674296734.022,55809933.50999975,99.97970297988707,48.76680592059462,0,True,True,False,6.0,06.2023
8,Жилищно-коммунальное хозяйство,1560204086.7,2487631225.0,1938600985.7,584697717.2,1834356889.6,578946983.07,1229434994.145,650488011.0749999,99.01646030746637,29.864164278290144,0,True,True,False,7.0,06.2023
9,"Культура, спорт, туризм и информационное пространство",751543684.3,863779860.3,857799857.9,383382554.5,746873840.6,377261955.218,588725437.77,211463482.552,98.4035269184373,43.980183925605196,0,True,True,False,8.0,06.2023
10,Топливно-энергетический комплекс и недропользование,205358597.0,426548543.1,340268803.7,139508901.2,338089854.5,137257046.147,298503500.726,161246454.579,98.3858699813199,40.337828403456435,0,True,True,False,9.0,06.2023
11,"Сельское, водное, лесное, рыбное хозяйство, особо охраняемые природные территории, охрана окружающей среды и животного мира, земельные отношения",1060562656.2,1334604617.8,1292918920.3,571735361.0,978514554.6,562693671.139,710263083.695,147569412.556,98.41855332418386,43.52118777938809,0,True,True,False,10.0,06.2023
12,"Промышленность, архитектурная, градостроительная и строительная деятельность",209537558.9,273673669.3,267944753.2,173901087.0,240360152.0,173394439.029,199869933.353,26475494.32399997,99.7086573869432,64.71275774509176,0,True,True,False,11.0,06.2023
13,Транспорт и коммуникации,1474838899.8,1945838536.3,1751499599.6,655838216.1,1531024330.6,652697122.813,1224526714.314,571829591.5009999,99.52105668594933,37.26504550512374,0,True,True,False,12.0,06.2023
14,Прочие,1972941131.1,2094539933.9,1815792804.7,988501059.9,1455216716.5,981763470.869,1233699719.026,251936248.15700006,99.31840345910386,54.068033991973216,0,True,True,False,13.0,06.2023
15,Обслуживание долга,1819380632.0,1901868486.5,1901868344.5,1073333845.0,1104585052.8,1073333787.777,1073333787.777,0.0,99.99999466866714,56.4357564960249,0,True,True,False,14.0,06.2023
16,Погашение займов,2711191578.0,2713082132.7,2713082132.7,1071763724.3,1120132794.0,1071763721.765,1071763721.765,0.0,99.999999763474,39.503548707476995,0,True,True,False,16.0,06.2023
1,Итого,29330118273.0,32736422194.9,30990081666.5,17052555472.7,23763758656.5,16874154723.906,20378620040.966,3504465317.0599995,98.95381810028645,54.45017830381135,0,True,True,False,,07.2023
2,Государственные услуги общего характера,1238576525.2,1402315741.6,1472779256.8,795890053.5,1170264474.4,775634167.595,931446994.77,155812827.17499995,97.45493918212411,52.66465860473002,0,True,True,False,1.0,07.2023
3,Оборона,1099024059.4,1232704800.5,1239691014.3,658094605.4,864271164.7,645889038.74,773532959.2,127643920.46000004,98.14531732066376,52.10080828929019,0,True,True,False,2.0,07.2023
4,"Общественный порядок, безопасность, правовая, судебная, уголовно-исполнительная деятельность",1363759501.0,1590881995.4,1593189847.1,784836429.0,1213082547.0,744822977.771,914884207.786,170061230.015,94.90168272642705,46.75042206217685,0,True,True,False,3.0,07.2023
5,Образование,6215800341.0,6388691981.9,5850610670.8,3230412170.2,5131050751.2,3217945630.67,4122084397.089,904138766.4190001,99.61408826882831,55.00187607304905,0,True,True,False,4.0,07.2023
6,Здравоохранение,2335291942.0,2525228407.9,2477993221.0,1339759307.4,1589634147.4,1335934699.459,1455624627.846,119689928.38699985,99.71453022047504,53.91195940882682,0,True,True,False,5.0,07.2023
7,Социальная помощь и социальное обеспечение,5312107080.4,5412082195.4,5359980818.4,3047066902.0,3288268614.0,3044326312.944,3093730999.63,49404686.68600035,99.91005812658064,56.79733596234692,0,True,True,False,6.0,07.2023
8,Жилищно-коммунальное хозяйство,1560204086.7,2554404718.2,2017290018.9,776689510.3,1941678333.9,755826460.279,1472503927.612,716677467.333,97.31384938970767,37.46741684128996,0,True,True,False,7.0,07.2023
9,"Культура, спорт, туризм и информационное пространство",751543684.3,874894832.3,873351167.8,460322413.9,778813591.1,446151579.76,632008206.879,185856627.11899996,96.92154157345064,51.08501553663349,0,True,True,False,8.0,07.2023
10,Топливно-энергетический комплекс и недропользование,205358597.0,430530345.5,343849563.4,169958081.1,341737447.4,163513445.511,311418229.734,147904784.22300002,96.20810287613915,47.55377435823146,0,True,True,False,9.0,07.2023
11,"Сельское, водное, лесное, рыбное хозяйство, особо охраняемые природные территории, охрана окружающей среды и животного мира, земельные отношения",1060562656.2,1360741873.1,1302978310.4,710191946.9,1075069330.2,690027532.359,820421854.423,130394322.06400001,97.16070920981039,52.95771440333256,0,True,True,False,10.0,07.2023
12,"Промышленность, архитектурная, градостроительная и строительная деятельность",209537558.9,265533834.3,269556285.0,183660873.0,243507150.6,182023120.79,204499484.33,22476363.54000002,99.10827375300563,67.5269436919269,0,True,True,False,11.0,07.2023
13,Транспорт и коммуникации,1474838899.8,1971215058.7,1779401207.4,872121271.3,1654247311.9,860126221.535,1392671642.313,532545420.778,98.62461217725834,48.337958744660334,0,True,True,False,12.0,07.2023
14,Прочие,1972941131.1,2115525220.6,1797739237.7,1074210009.7,1474696503.4,1062591698.961,1304450671.822,241858972.86100006,98.91843209110993,59.10710945601117,0,True,True,False,13.0,07.2023
15,Обслуживание долга,1819380632.0,1901749767.1,1901749625.1,1349521291.5,1360344128.4,1349521231.87,1349521231.87,0.0,99.99999558139612,70.96208744087635,0,True,True,False,14.0,07.2023
16,Погашение займов,2711191578.0,2709921422.4,2709921422.4,1599820607.5,1637093160.9,1599820605.662,1599820605.662,0.0,99.99999988511212,59.03568245329945,0,True,True,False,16.0,07.2023
1,Итого,29330118273.0,32953985214.4,31215598491.3,19521623388.5,25404580648.0,19283402855.567,22477114799.85,3193711944.282997,98.77970941149631,61.77489392343837,0,True,True,False,,08.2023
2,Государственные услуги общего характера,1238576525.2,1414535547.5,1499291568.7,915212381.1,1242440320.0,890505152.712,1051089749.874,160584597.16199994,97.30038306974123,59.39506172799569,0,True,True,False,1.0,08.2023
3,Оборона,1099024059.4,1234320569.1,1241979684.3,737415524.0,935071205.2,715733429.316,843905328.149,128171898.83300006,97.0597181672568,57.628432925567466,0,True,True,False,2.0,08.2023
4,"Общественный порядок, безопасность, правовая, судебная, уголовно-исполнительная деятельность",1363759501.0,1598314961.9,1600646806.8,922377089.5,1302255618.4,874618145.476,1048178744.02,173560598.54400003,94.82218882410781,54.64154501545093,0,True,True,False,3.0,08.2023
5,Образование,6215800341.0,6395812502.8,5885830724.3,3525782303.2,5252238971.8,3506076072.98,4307155626.665,801079553.685,99.4410820485963,59.568075216722725,0,True,True,False,4.0,08.2023
6,Здравоохранение,2335291942.0,2538650394.2,2489955753.3,1495615046.7,1729680015.0,1490398550.065,1605356889.537,114958339.47199988,99.65121395064125,59.856427090711875,0,True,True,False,5.0,08.2023
7,Социальная помощь и социальное обеспечение,5312107080.4,5431482868.6,5385037688.6,3496989443.1,3707535509.9,3493152811.182,3540164604.201,47011793.01900005,99.89028757505774,64.86775048161545,0,True,True,False,6.0,08.2023
8,Жилищно-коммунальное хозяйство,1560204086.7,2615360049.2,2074413220.7,962343468.7,2007217561.1,925867131.932,1599858464.074,673991332.1419998,96.20963429852392,44.63272421777041,0,True,True,False,7.0,08.2023
9,"Культура, спорт, туризм и информационное пространство",751543684.3,890901739.4,889342696.7,533509162.5,811281700.9,519062156.826,677919837.242,158857680.416,97.29207918261385,58.364695493878216,0,True,True,False,8.0,08.2023
10,Топливно-энергетический комплекс и недропользование,205358597.0,436079851.6,349193093.6,198110994.3,348450874.4,190736135.204,316126933.676,125390798.472,96.27741048796501,54.621966671107145,0,True,True,False,9.0,08.2023
11,"Сельское, водное, лесное, рыбное хозяйство, особо охраняемые природные территории, охрана окружающей среды и животного мира, земельные отношения",1060562656.2,1362168575.2,1304422507.8,798483974.7,1083733666.2,782267642.902,900230600.924,117962958.02200007,97.96910992432969,59.97041895737824,0,True,True,False,10.0,08.2023
12,"Промышленность, архитектурная, градостроительная и строительная деятельность",209537558.9,266768520.0,271835243.8,196971075.4,247702415.4,194751747.515,216617316.052,21865568.537,98.87327218958768,71.6433030509784,0,True,True,False,11.0,08.2023
13,Транспорт и коммуникации,1474838899.8,2016148175.6,1816093365.6,1066438341.7,1719281309.7,1049080387.09,1506907858.254,457827471.1639999,98.37234334782733,57.76577388373452,0,True,True,False,12.0,08.2023
14,Прочие,1972941131.1,2148741373.2,1802856051.0,1205215005.4,1510383585.0,1183993971.172,1396443325.987,212449354.81500006,98.23923249105606,65.67323944223209,0,True,True,False,13.0,08.2023
15,Обслуживание долга,1819380632.0,1901587207.7,1901587207.7,1507518782.4,1514294545.8,1507518726.639,1507518726.639,0.0,99.9999963011406,79.27686516477821,0,True,True,False,14.0,08.2023
16,Погашение займов,2711191578.0,2703112878.4,2703112878.4,1959640795.8,1993013349.2,1959640794.556,1959640794.556,0.0,99.99999993651898,72.49570708700597,0,True,True,False,16.0,08.2023
1,Итого,29330118273.0,33015286648.1,31203382234.2,21646721745.9,26727287985.5,21527671297.746,24370794595.461,2843123297.715,99.45003012672554,68.99146745108585,0,True,True,False,,09.2023
2,Государственные услуги общего характера,1238576525.2,1417189184.0,1512202819.2,1011723772.7,1293013840.1,992328577.57,1132282639.417,139954061.847,98.08295548119426,65.62139449620727,0,True,True,False,1.0,09.2023
3,Оборона,1099024059.4,1235265795.7,1242617836.9,787602755.5,974387998.7,784379755.985,902350367.55,117970611.56499994,99.59078361617031,63.12316890137504,0,True,True,False,2.0,09.2023
4,"Общественный порядок, безопасность, правовая, судебная, уголовно-исполнительная деятельность",1363759501.0,1599106809.5,1601424275.9,1024771358.5,1373259606.9,992907433.963,1164763408.575,171855974.612,96.89063084436313,62.00152257620712,0,True,True,False,3.0,09.2023
5,Образование,6215800341.0,6395567356.7,5858218338.4,3950877208.0,5413558456.6,3939387100.706,4695546910.989,756159810.2830005,99.70917579339762,67.24548101738945,0,True,True,False,4.0,09.2023
6,Здравоохранение,2335291942.0,2542550216.2,2490332542.5,1659216507.8,1868497477.8,1658101092.576,1755039180.638,96938088.06200004,99.93277458253601,66.58151328301972,0,True,True,False,5.0,09.2023
7,Социальная помощь и социальное обеспечение,5312107080.4,5420767754.2,5382260468.8,3935622993.9,4115964708.5,3934955893.885,3978234118.441,43278224.555999756,99.98304969718812,73.10972623296912,0,True,True,False,6.0,09.2023
8,Жилищно-коммунальное хозяйство,1560204086.7,2657335254.4,2102412136.0,1133684722.0,2073794446.7,1122148492.843,1709408298.484,587259805.641,98.98241292899773,53.374334823712225,0,True,True,False,7.0,09.2023
9,"Культура, спорт, туризм и информационное пространство",751543684.3,895116998.0,894051906.1,599962999.0,832629054.7,591272191.598,725962685.82,134690494.222,98.55144276955654,66.13398926436224,0,True,True,False,8.0,09.2023
10,Топливно-энергетический комплекс и недропользование,205358597.0,443157110.4,348936457.0,222196847.7,348387019.0,217718160.748,321355679.209,103637518.461,97.98436071512279,62.39478746928413,0,True,True,False,9.0,09.2023
11,"Сельское, водное, лесное, рыбное хозяйство, особо охраняемые природные территории, охрана окружающей среды и животного мира, земельные отношения",1060562656.2,1370276359.5,1310652578.0,926673472.5,1159632928.6,917593560.804,1019107275.783,101513714.97899997,99.0201606104571,70.0104342070733,0,True,True,False,10.0,09.2023
12,"Промышленность, архитектурная, градостроительная и строительная деятельность",209537558.9,267099279.3,273080263.0,209992160.4,249638872.8,208681614.577,227963838.781,19282224.203999996,99.37590726220272,76.41768478046325,0,True,True,False,11.0,09.2023
13,Транспорт и коммуникации,1474838899.8,2028878188.4,1822962611.6,1218985337.3,1751972458.3,1211802950.457,1599780653.055,387977702.59800005,99.41078972623997,66.47437214268537,0,True,True,False,12.0,09.2023
14,Прочие,1972941131.1,2146229626.9,1767483285.9,1252849071.4,1530836758.4,1243991449.684,1426596516.369,182605066.68499994,99.29300169364359,70.38207713803423,0,True,True,False,13.0,09.2023
15,Обслуживание долга,1819380632.0,1901587207.7,1901587207.7,1614320373.4,1621053010.4,1614160884.753,1614160884.753,0.0,99.99012038442753,84.88492550943026,0,True,True,False,14.0,09.2023
16,Погашение займов,2711191578.0,2695159507.2,2695159507.2,2098242165.8,2120661348.0,2098242137.597,2098242137.597,0.0,99.99999865587488,77.85224332703272,0,True,True,False,16.0,09.2023
1,Итого,29330118273.0,33126971488.9,31319534512.3,24078153435.9,27844899331.9,23679978520.363,25933909709.308,2253931188.9449997,98.3463228748126,75.60769624805008,0,True,True,False,,10.2023
2,Государственные услуги общего характера,1238576525.2,1425880751.7,1506503278.0,1131244137.9,1310910804.9,1103280947.228,1213460549.656,110179602.42799997,97.52810293241298,73.2345533753296,0,True,True,False,1.0,10.2023
3,Оборона,1099024059.4,1236874634.3,1226687750.7,861670561.4,998257216.3,853434350.802,954985690.01,101551339.20799994,99.0441578293428,69.57225669816906,0,True,True,False,2.0,10.2023
4,"Общественный порядок, безопасность, правовая, судебная, уголовно-исполнительная деятельность",1363759501.0,1605525965.7,1622393179.7,1190627830.4,1459807006.3,1129814630.393,1289036272.156,159221641.763,94.89234180032818,69.6387684890241,0,True,True,False,3.0,10.2023
5,Образование,6215800341.0,6401748634.9,5868562289.2,4449652664.2,5584853383.1,4415110921.079,5055281779.643,640170858.5639992,99.22372046252266,75.23326333613589,0,True,True,False,4.0,10.2023
6,Здравоохранение,2335291942.0,2542574403.4,2503748037.3,1861702928.0,2011165851.4,1841280119.004,1910114627.974,68834508.97000003,98.90300387409607,73.54095106908622,0,True,True,False,5.0,10.2023
7,Социальная помощь и социальное обеспечение,5312107080.4,5419894248.9,5379508255.2,4398936777.6,4533704690.4,4395180032.041,4427376694.4,32196662.358999252,99.91459878263925,81.70226391589756,0,True,True,False,6.0,10.2023
8,Жилищно-коммунальное хозяйство,1560204086.7,2685580300.3,2141599796.1,1406664431.2,2102868429.8,1290968642.644,1786669304.026,495700661.38199997,91.77516783748474,60.28057366249953,0,True,True,False,7.0,10.2023
9,"Культура, спорт, туризм и информационное пространство",751543684.3,902072918.6,907429535.4,666182344.3,860153011.9,651337599.267,707862408.611,56524809.34399998,97.7716693995248,71.77831157764626,0,True,True,False,8.0,10.2023
10,Топливно-энергетический комплекс и недропользование,205358597.0,450152916.1,353803370.9,252322202.8,347514746.1,246617650.658,322913208.458,76295557.80000001,97.73917947818423,69.70472045833185,0,True,True,False,9.0,10.2023
11,"Сельское, водное, лесное, рыбное хозяйство, особо охраняемые природные территории, охрана окружающей среды и животного мира, земельные отношения",1060562656.2,1375313120.0,1314344331.9,1076119247.0,1249549685.6,1040821838.308,1122724718.14,81902879.83200014,96.71993519394788,79.18943408105247,0,True,True,False,10.0,10.2023
12,"Промышленность, архитектурная, градостроительная и строительная деятельность",209537558.9,269330640.5,282754446.6,221993125.3,256171108.7,219419743.843,243396048.792,23976304.949,98.84078326591313,77.60081105051664,0,True,True,False,11.0,10.2023
13,Транспорт и коммуникации,1474838899.8,2055675201.5,1846870652.3,1374514439.3,1704195654.0,1333485319.066,1599282069.122,265796750.056,97.01500987833239,72.20242074913824,0,True,True,False,12.0,10.2023
14,Прочие,1972941131.1,2157239270.1,1771401856.1,1336169171.5,1551759569.7,1308905538.482,1450485150.772,141579612.28999996,97.9595672763956,73.89094315186883,0,True,True,False,13.0,10.2023
15,Обслуживание долга,1819380632.0,1900447827.5,1895267077.5,1728322302.2,1729537718.7,1728289916.259,1728289916.259,0.0,99.99812616310287,91.18978199836324,0,True,True,False,14.0,10.2023
16,Погашение займов,2711191578.0,2698660655.4,2698660655.4,2122031272.8,2144450455.0,2122031271.289,2122031271.289,0.0,99.99999992879465,78.63275684709862,0,True,True,False,16.0,10.2023
1,Итого,29330118273.0,33094302187.0,31270223349.2,27666600634.6,29638831434.6,26804266760.226,28303711473.978,1499444713.751999,96.88312313549805,85.71818135386535,0,True,True,False,,11.2023
2,Государственные услуги общего характера,1238576525.2,1437974704.5,1509882217.6,1311725749.7,1429702784.9,1236622768.446,1333289509.903,96666741.45700002,94.27449058835839,81.90193606039328,0,True,True,False,1.0,11.2023
3,Оборона,1099024059.4,1235649840.8,1223488513.5,1017284717.8,1091914778.8,938730035.903,1020297281.439,81567245.53600001,92.2780043263715,76.72569260316149,0,True,True,False,2.0,11.2023
4,"Общественный порядок, безопасность, правовая, судебная, уголовно-исполнительная деятельность",1363759501.0,1606275112.8,1625992233.8,1432927221.8,1528439654.9,1295324091.236,1407976890.995,112652799.75899982,90.3970607529427,79.66360873746507,0,True,True,False,3.0,11.2023
5,Образование,6215800341.0,6402493238.5,5874368115.0,5178496857.1,5706225848.4,5085094540.937,5389693160.601,304598619.66399956,98.19634309452287,86.56411109055941,0,True,True,False,4.0,11.2023
6,Здравоохранение,2335291942.0,2540262385.7,2521311229.1,2096899834.7,2182043166.0,2053498427.851,2105263456.459,51765028.60800004,97.93021077445937,81.44565431471985,0,True,True,False,5.0,11.2023
7,Социальная помощь и социальное обеспечение,5312107080.4,5392722292.0,5348895730.7,4860169795.0,4941204163.7,4850644760.053,4871330824.59,20686064.536999702,99.80401847365911,90.68497507275592,0,True,True,False,6.0,11.2023
8,Жилищно-коммунальное хозяйство,1560204086.7,2679083369.2,2120967639.5,1742159908.6,2105062562.0,1540379183.364,1880081798.415,339702615.0509999,88.41778391065428,72.62624637343035,0,True,True,False,7.0,11.2023
9,"Культура, спорт, туризм и информационное пространство",751543684.3,897015763.3,902641260.1,770737085.0,880181089.9,729728921.389,796303340.189,66574418.79999995,94.67935766825079,80.84373644831572,0,True,True,False,8.0,11.2023
10,Топливно-энергетический комплекс и недропользование,205358597.0,448941709.5,358405874.6,306046066.4,357995522.8,290302871.656,341941974.628,51639102.972,94.85593952270449,80.99835751297141,0,True,True,False,9.0,11.2023
11,"Сельское, водное, лесное, рыбное хозяйство, особо охраняемые природные территории, охрана окружающей среды и животного мира, земельные отношения",1060562656.2,1373743427.6,1356779703.4,1230664249.1,1309597701.1,1190101425.618,1245306051.507,55204625.88899994,96.70398945027743,87.71515542543014,0,True,True,False,10.0,11.2023
12,"Промышленность, архитектурная, градостроительная и строительная деятельность",209537558.9,270093193.5,282504756.2,264066100.3,279158782.8,252301561.184,270496202.846,18194641.66200003,95.54485066328674,89.30878353261508,0,True,True,False,11.0,11.2023
13,Транспорт и коммуникации,1474838899.8,2058689742.1,1844231752.5,1561701832.2,1814366269.1,1496567213.176,1702064414.835,205497201.65899992,95.82925385108607,81.14854389353651,0,True,True,False,12.0,11.2023
14,Прочие,1972941131.1,2149878064.8,1731130782.5,1524599277.9,1631091765.3,1475882206.287,1570577814.445,94695608.15799999,96.80459827581032,85.25538458484434,0,True,True,False,13.0,11.2023
15,Обслуживание долга,1819380632.0,1900573665.5,1868717863.5,1809312889.9,1810294127.9,1809279705.927,1809279705.927,0.0,99.99816593508037,96.81930810776991,0,True,True,False,14.0,11.2023
16,Погашение займов,2711191578.0,2700905677.2,2700905677.2,2559809049.1,2571553217.0,2559809047.199,2559809047.199,0.0,99.99999992573665,94.77595122287745,0,True,True,False,16.0,11.2023
1,Итого,29330118273.0,32806597892.1,30959842396.1,30959842396.1,30959842396.1,30596064087.878,30683321103.478,87257015.60000229,98.82499948298243,98.82499948298243,0,True,True,False,,12.2023
2,Государственные услуги общего характера,1238576525.2,1434151235.6,1518706684.9,1518706684.9,1518706684.9,1489259501.718,1492454068.105,3194566.387000084,98.06103551957835,98.06103551957835,0,True,True,False,1.0,12.2023
3,Оборона,1099024059.4,1225057807.4,1178698089.7,1178698089.7,1178698089.7,1169572161.532,1174415750.973,4843589.440999985,99.22576202950133,99.22576202950133,0,True,True,False,2.0,12.2023
4,"Общественный порядок, безопасность, правовая, судебная, уголовно-исполнительная деятельность",1363759501.0,1604777228.2,1629404122.4,1629404122.4,1629404122.4,1611950545.943,1622547481.847,10596935.903999805,98.92883685409535,98.92883685409535,0,True,True,False,3.0,12.2023
5,Образование,6215800341.0,6319047605.8,5834069458.3,5834069458.3,5834069458.3,5810567319.614,5822756604.508,12189284.894000053,99.59715702985736,99.59715702985736,0,True,True,False,4.0,12.2023
6,Здравоохранение,2335291942.0,2528271074.7,2520043596.9,2520043596.9,2520043596.9,2503067596.659,2506299029.297,3231432.6380000114,99.32636085098358,99.32636085098358,0,True,True,False,5.0,12.2023
7,Социальная помощь и социальное обеспечение,5312107080.4,5357972487.3,5316492089.3,5316492089.3,5316492089.3,5312781631.629,5314704351.147,1922719.5180006027,99.93020853584137,99.93020853584137,0,True,True,False,6.0,12.2023
8,Жилищно-коммунальное хозяйство,1560204086.7,2579079535.0,2010076404.6,2010076404.6,2010076404.6,1957787569.988,1980784048.391,22996478.403000116,97.39866432478196,97.39866432478196,0,True,True,False,7.0,12.2023
9,"Культура, спорт, туризм и информационное пространство",751543684.3,888009505.3,888898431.3,888898431.3,888898431.3,878172375.665,882744601.38,4572225.715000033,98.79333169490317,98.79333169490317,0,True,True,False,8.0,12.2023
10,Топливно-энергетический комплекс и недропользование,205358597.0,449167894.1,351579031.5,351579031.5,351579031.5,343550373.89,347507221.005,3956847.1150000095,97.71640032804402,97.71640032804402,0,True,True,False,9.0,12.2023
11,"Сельское, водное, лесное, рыбное хозяйство, особо охраняемые природные территории, охрана окружающей среды и животного мира, земельные отношения",1060562656.2,1362637444.9,1386829837.8,1386829837.8,1386829837.8,1374537906.698,1379475142.625,4937235.927000046,99.1136669570436,99.1136669570436,0,True,True,False,10.0,12.2023
12,"Промышленность, архитектурная, градостроительная и строительная деятельность",209537558.9,267201318.0,277341380.9,277341380.9,277341380.9,275451453.524,275568097.3,116643.77600002289,99.31855557585133,99.31855557585133,0,True,True,False,11.0,12.2023
13,Транспорт и коммуникации,1474838899.8,2029578609.7,1821398110.3,1821398110.3,1821398110.3,1801442084.724,1805789234.136,4347149.411999941,98.90435674314425,98.90435674314425,0,True,True,False,12.0,12.2023
14,Прочие,1972941131.1,2131781047.1,1636367445.2,1636367445.2,1636367445.2,1581961280.175,1592313186.645,10351906.470000029,96.67518654293747,96.67518654293747,0,True,True,False,13.0,12.2023
15,Обслуживание долга,1819380632.0,1900848475.6,1867498198.6,1867498198.6,1867498198.6,1865648997.648,1865648997.648,0.0,99.90097977318607,99.90097977318607,0,True,True,False,14.0,12.2023
16,Погашение займов,2711191578.0,2729016623.4,2722439514.4,2722439514.4,2722439514.4,2620313288.471,2620313288.471,0.0,96.24872378655922,96.24872378655922,0,True,True,False,16.0,12.2023
1,Итого,34443754232.0,34444566166.0,32774941677.0,2227962764.6,12659103358.9,2170028015.889,4529551380.742,2359523364.8529997,97.39965363732632,6.620997337767437,0,True,True,False,,01.2024
2,Государственные услуги общего характера,1404718657.8,1404846514.8,1407497688.2,75939791.7,554734766.9,65682700.929,248351401.131,182668700.20200002,86.49312759307976,4.666629400507174,0,True,True,False,1.0,01.2024
3,Оборона,1268934771.9,1268934771.9,1268934771.9,25130794.5,240888258.8,22722670.673,108736295.017,86013624.34400001,90.41763750445693,1.790688629248997,0,True,True,False,2.0,01.2024
4,"Общественный порядок, безопасность, правовая, судебная, уголовно-исполнительная деятельность",1606151117.0,1606151117.0,1606151117.0,92790449.4,457948473.3,80460672.01,140739780.818,60279108.80799998,86.71223442743667,5.0095331104514,0,True,True,False,3.0,01.2024
5,Образование,7338423165.0,7338423165.0,6540986035.3,289964497.7,4325737149.6,279359947.366,1238301157.939,958941210.573,96.34281078610817,4.270914902712939,0,True,True,False,4.0,01.2024
6,Здравоохранение,2757593261.0,2757593261.0,2709623774.0,263432601.6,539952831.0,262424336.479,331239943.711,68815607.23200002,99.61725879223903,9.684899394413122,0,True,True,False,5.0,01.2024
7,Социальная помощь и социальное обеспечение,6197164450.8,6197186450.8,6165941425.8,484492434.2,954049863.6,483262750.087,507806969.321,24544219.233999968,99.7461912661174,7.837615000118155,0,True,True,False,6.0,01.2024
8,Жилищно-коммунальное хозяйство,2017725307.7,2018167228.2,1585982800.2,25456846.9,1191142000.5,21648017.229,166530894.02,144882876.791,85.03809334297407,1.3649591424490908,0,True,True,False,7.0,01.2024
9,"Культура, спорт, туризм и информационное пространство",1022748011.0,1022831854.6,1022652359.6,37806450.4,656326447.9,31864037.979,158300857.388,126436819.40900001,84.28201442312606,3.115823053638999,0,True,True,False,8.0,01.2024
10,Топливно-энергетический комплекс и недропользование,337029387.0,337029387.0,277173209.0,8464672.0,157243504.0,6413972.698,44277348.25,37863375.552,75.77343455245519,2.314066616012661,0,True,True,False,9.0,01.2024
11,"Сельское, водное, лесное, рыбное хозяйство, особо охраняемые природные территории, охрана окружающей среды и животного мира, земельные отношения",1432616673.7,1432623673.7,1378051403.7,44731984.2,721052676.0,39877051.139,118275828.221,78398777.082,89.14661813503903,2.893727406099082,0,True,True,False,10.0,01.2024
12,"Промышленность, архитектурная, градостроительная и строительная деятельность",187519921.7,187527021.7,184194397.7,1659704.9,45849739.8,1387275.203,8358896.428,6971621.225000001,83.58565447387666,0.7531581960812265,0,True,True,False,11.0,01.2024
13,Транспорт и коммуникации,1884594926.0,1884717138.9,1797533525.6,28976366.7,1320762085.7,28203126.863,466463276.941,438260150.078,97.33148104796729,1.5689903115206745,0,True,True,False,12.0,01.2024
14,Прочие,1643047432.4,1643047432.4,1484732020.0,24174795.4,516417903.8,22122309.122,167569583.445,145447274.32299998,91.50980910473395,1.4899866658765804,0,True,True,False,13.0,01.2024
15,Обслуживание долга,2074437866.0,2074437866.0,2074437866.0,194962110.0,215945211.0,194756238.763,194756238.763,0.0,99.89440448864654,9.38838622043356,0,True,True,False,14.0,01.2024
16,Погашение займов,3271049283.0,3271049283.0,3271049283.0,629979265.0,761052447.0,629842909.349,629842909.349,0.0,99.9783555334952,19.255072450982695,0,True,True,False,16.0,01.2024
1,Итого,34443754232.0,34476106053.6,32832901449.9,5123606712.0,16049699817.5,4982816364.786,8867999860.661,3885183495.874999,97.25212423341833,15.176290077163365,0,True,True,False,,02.2024
2,Государственные услуги общего характера,1404718657.8,1406339511.7,1493463922.2,301493341.3,746366308.1,272406177.433,512473504.742,240067327.30899996,90.3523030586414,18.23989005584564,0,True,True,False,1.0,02.2024
3,Оборона,1268934771.9,1269347827.9,1272014999.9,138804853.5,362830373.3,131322161.594,238592325.58,107270163.98600002,94.60920009832365,10.323947563851364,0,True,True,False,2.0,02.2024
4,"Общественный порядок, безопасность, правовая, судебная, уголовно-исполнительная деятельность",1606151117.0,1608872135.8,1608873035.8,206840026.0,602160311.9,186203189.198,275022129.863,88818940.66499996,90.02280303232993,11.573516682465367,0,True,True,False,3.0,02.2024
5,Образование,7338423165.0,7343971389.2,6546640304.6,804774914.1,4774302411.8,787742031.661,2208695398.379,1420953366.7180002,97.88352219476818,12.032767878013592,0,True,True,False,4.0,02.2024
6,Здравоохранение,2757593261.0,2742623140.3,2695600462.1,610259874.3,944860516.3,603112077.467,747795253.219,144683175.75199997,98.82872901627378,22.3739417597943,0,True,True,False,5.0,02.2024
7,Социальная помощь и социальное обеспечение,6197164450.8,6197510931.5,6166474471.2,982049665.3,1443460330.6,980067407.714,1043718093.284,63650685.57000005,99.79815098400401,15.893480339395264,0,True,True,False,6.0,02.2024
8,Жилищно-коммунальное хозяйство,2017725307.7,2035564264.3,1616304120.2,117824384.7,1516143771.2,107730322.397,514141035.345,406410712.948,91.43295988457642,6.665225996186259,0,True,True,False,7.0,02.2024
9,"Культура, спорт, туризм и информационное пространство",1022748011.0,1030479326.2,1032300788.4,135763199.9,749528218.8,118566377.062,356010385.656,237444008.594,87.33322222025794,11.485642401355742,0,True,True,False,8.0,02.2024
10,Топливно-энергетический комплекс и недропользование,337029387.0,338985110.9,280372712.4,29371352.6,254840483.8,27976824.326,137002082.479,109025258.153,95.25208017147975,9.978440514598383,0,True,True,False,9.0,02.2024
11,"Сельское, водное, лесное, рыбное хозяйство, особо охраняемые природные территории, охрана окружающей среды и животного мира, земельные отношения",1432616673.7,1425576185.1,1380080606.8,209511651.7,831648076.9,195344051.372,357593946.916,162249895.544,93.23779836918732,14.154539264553922,0,True,True,False,10.0,02.2024
12,"Промышленность, архитектурная, градостроительная и строительная деятельность",187519921.7,188097043.0,184788071.2,7943964.4,55711066.1,7602419.995,19551820.405,11949400.41,95.7005798641293,4.114129199807352,0,True,True,False,11.0,02.2024
13,Транспорт и коммуникации,1884594926.0,1890378660.6,1809071091.3,178298660.6,1502833945.4,174611058.782,808436091.391,633825032.609,97.93178378032079,9.651973303963658,0,True,True,False,12.0,02.2024
14,Прочие,1643047432.4,1649390499.8,1397946836.5,196090600.2,919378177.9,185552082.08,444387609.697,258835527.617,94.62568929400422,13.273185877694857,0,True,True,False,13.0,02.2024
15,Обслуживание долга,2074437866.0,2074488406.9,2074488406.9,440388107.0,461260708.0,440388075.665,440388075.665,0.0,99.99999288468524,21.22875568743676,0,True,True,False,14.0,02.2024
16,Погашение займов,3271049283.0,3274481620.4,3274481620.4,764192116.4,884375117.4,764192108.04,764192108.04,0.0,99.99999890603425,23.337804166591987,0,True,True,False,16.0,02.2024
1,Итого,34443754232.0,34782192754.0,33215584028.7,7536049340.6,18111347724.6,7340186776.757,11602545074.818,4262358298.061001,97.40099148783696,22.09862325592317,0,True,True,False,,03.2024
2,Государственные услуги общего характера,1404718657.8,1416464494.0,1518274703.0,393014762.8,813505871.7,371679201.367,621394291.185,249715089.81799996,94.57130788650365,24.480365814736228,0,True,True,False,1.0,03.2024
3,Оборона,1268934771.9,1278897228.5,1283466554.1,182373948.9,417290167.0,181359400.38,323146892.921,141787492.541,99.44369877051008,14.130434470664794,0,True,True,False,2.0,03.2024
4,"Общественный порядок, безопасность, правовая, судебная, уголовно-исполнительная деятельность",1606151117.0,1624804187.3,1627290117.3,316857076.3,785529494.1,303440012.873,439139938.167,135699925.29399997,95.76557873231883,18.646952356379312,0,True,True,False,3.0,03.2024
5,Образование,7338423165.0,7377113145.6,6579881404.0,1256990410.5,5015005378.2,1249267829.683,2640669252.118,1391401422.435,99.38562929736847,18.98617547914394,0,True,True,False,4.0,03.2024
6,Здравоохранение,2757593261.0,2759540118.0,2712616651.6,774310355.1,1109033076.5,650524359.565,806725040.564,156200680.99899995,84.0133875622762,23.98143354245419,0,True,True,False,5.0,03.2024
7,Социальная помощь и социальное обеспечение,6197164450.8,6202558431.9,6171817068.5,1473301927.2,1901492392.7,1471126381.661,1540516311.492,69389929.83100009,99.85233539040198,23.83619548883588,0,True,True,False,6.0,03.2024
8,Жилищно-коммунальное хозяйство,2017725307.7,2148709711.0,1744036883.8,193163166.0,1594298845.9,188066319.658,730693355.803,542627036.145,97.36137771628779,10.783391188850956,0,True,True,False,7.0,03.2024
9,"Культура, спорт, туризм и информационное пространство",1022748011.0,1048501876.0,1051168907.9,197331068.0,870055051.0,193276397.706,466135706.716,272859309.01,97.94524484406074,18.386806939726075,0,True,True,False,8.0,03.2024
10,Топливно-энергетический комплекс и недропользование,337029387.0,341986607.6,282584672.2,47361523.3,259931807.2,45790161.83,176996093.439,131205931.60900001,96.6821982053943,16.204050090017585,0,True,True,False,9.0,03.2024
11,"Сельское, водное, лесное, рыбное хозяйство, особо охраняемые природные территории, охрана окружающей среды и животного мира, земельные отношения",1432616673.7,1440719610.0,1398555265.1,341869699.0,912512808.9,340977770.227,525508246.463,184530476.236,99.73910271205403,24.38071478016418,0,True,True,False,10.0,03.2024
12,"Промышленность, архитектурная, градостроительная и строительная деятельность",187519921.7,198108090.4,196463741.2,12374518.0,60141005.3,12191282.566,28856917.856,16665635.29,98.51925194985373,6.2053600789314505,0,True,True,False,11.0,03.2024
13,Транспорт и коммуникации,1884594926.0,1938946572.9,1858758306.6,269208726.4,1576176287.0,263355120.748,945215383.074,681860262.326,97.82562559160787,14.168335916126903,0,True,True,False,12.0,03.2024
14,Прочие,1643047432.4,1674607001.5,1401671720.1,302355450.9,937310846.3,293597159.778,582012266.305,288415106.52699995,97.10331297288347,20.946214121881106,0,True,True,False,13.0,03.2024
15,Обслуживание долга,2074437866.0,2074488409.9,2074497581.9,723370045.7,742179298.3,723368718.583,723368718.583,0.0,99.99981653691523,34.86958600937379,0,True,True,False,14.0,03.2024
16,Трансферты,0.0,0.0,57753182.0,0.0,0.0,0.0,0.0,0.0,0.0,0.0,0,True,True,False,15.0,03.2024
17,Погашение займов,3271049283.0,3256747269.4,3256747269.4,1052166662.5,1116885394.5,1052166660.132,1052166660.132,0.0,99.99999977494059,32.307286169179584,0,True,True,False,16.0,03.2024
1,Итого,34443754232.0,35366882782.7,33829643798.8,10219288753.4,20868057975.0,9786680919.942,14706872718.329,4920191798.387001,95.76675203238513,28.929305251180775,0,True,True,False,,04.2024
2,Государственные услуги общего характера,1404718657.8,1444566419.2,1596923356.4,522141520.4,974750229.8,487230635.288,748331789.184,261101153.89600003,93.31390365484522,30.510583575305766,0,True,True,False,1.0,04.2024
3,Оборона,1268934771.9,1284910930.0,1273289699.7,252371622.8,760059716.6,242996703.695,392531633.563,149534929.86800003,96.2852720916133,19.084164723256023,0,True,True,False,2.0,04.2024
4,"Общественный порядок, безопасность, правовая, судебная, уголовно-исполнительная деятельность",1606151117.0,1637700381.5,1632638408.4,436038209.8,900078327.2,409403745.334,589005209.78,179601464.44599998,93.89171318765467,25.07620445700645,0,True,True,False,3.0,04.2024
5,Образование,7338423165.0,7428951480.8,6616284889.8,1736343029.6,5261173660.2,1722519826.192,3507652850.195,1785133024.0030003,99.20388983211546,26.034547406619744,0,True,True,False,4.0,04.2024
6,Здравоохранение,2757593261.0,2774485312.5,2717424722.1,1051746934.5,1368116877.4,788012417.367,948835434.521,160823017.15400004,74.92414681879922,28.99850034329678,0,True,True,False,5.0,04.2024
7,Социальная помощь и социальное обеспечение,6197164450.8,6210354206.4,6180122274.6,1981599284.1,2373515501.6,1977950534.39,2046525046.116,68574511.72599983,99.81586843822176,32.00503884072456,0,True,True,False,6.0,04.2024
8,Жилищно-коммунальное хозяйство,2017725307.7,2366902763.5,1993350371.5,321469084.9,1886624036.6,294591333.077,938531375.886,643940042.809,91.6390865916824,14.778703096501768,0,True,True,False,7.0,04.2024
9,"Культура, спорт, туризм и информационное пространство",1022748011.0,1074356600.5,1069096950.9,281762820.6,909083426.6,266872072.407,569160181.935,302288109.52799994,94.7151479527033,24.962382708353864,0,True,True,False,8.0,04.2024
10,Топливно-энергетический комплекс и недропользование,337029387.0,357279624.0,299274618.5,60979979.5,281027032.4,58324294.706,199740066.748,141415772.042,95.64498903447483,19.488553689694204,0,True,True,False,9.0,04.2024
11,"Сельское, водное, лесное, рыбное хозяйство, особо охраняемые природные территории, охрана окружающей среды и животного мира, земельные отношения",1432616673.7,1466197497.9,1422292074.3,483235225.3,1027522533.5,472967689.703,674011425.728,201043736.02500004,97.87525100418213,33.25390742515227,0,True,True,False,10.0,04.2024
12,"Промышленность, архитектурная, градостроительная и строительная деятельность",187519921.7,202031878.6,200680273.8,17254322.1,68898382.7,15945003.784,35918082.539,19973078.754999995,92.41165020328442,7.945476394900155,0,True,True,False,11.0,04.2024
13,Транспорт и коммуникации,1884594926.0,2049986765.9,1986589947.2,411841077.7,1712115583.6,399125562.792,1120446226.751,721320663.9589999,96.91251902821058,20.090988749567956,0,True,True,False,12.0,04.2024
14,Прочие,1643047432.4,1746974440.0,1461729375.7,386256425.1,993576555.6,374493004.809,659935298.985,285442294.176,96.95450495407177,25.619858985844147,0,True,True,False,13.0,04.2024
15,Обслуживание долга,2074437866.0,2074498738.9,2074507910.9,968323370.5,987933059.1,968322252.705,968322252.705,0.0,99.99988456387257,46.67720222309999,0,True,True,False,14.0,04.2024
16,Трансферты,0.0,0.0,57753182.0,0.0,0.0,0.0,0.0,0.0,0.0,0.0,0,True,True,False,15.0,04.2024
17,Погашение займов,3271049283.0,3247685743.0,3247685743.0,1307925846.5,1363583052.1,1307925843.693,1307925843.693,0.0,99.9999997853854,40.272549353399675,0,True,True,False,16.0,04.2024
1,Итого,34443754232.0,35700282904.7,34194885112.6,13335843121.6,22976168258.9,12695261178.952,17705601775.907,5010340596.955002,95.19653960528035,37.12619924631389,0,True,True,False,,05.2024
2,Государственные услуги общего характера,1404718657.8,1454172071.7,1612995760.4,656664367.5,1141953328.1,619060104.135,872067564.971,253007460.83599997,94.27344238150702,38.37952456747201,0,True,True,False,1.0,05.2024
3,Оборона,1268934771.9,1323029208.5,1306639136.9,416213445.2,608936840.5,361526676.115,499424941.947,137898265.83200002,86.86088358853429,27.66844080399441,0,True,True,False,2.0,05.2024
4,"Общественный порядок, безопасность, правовая, судебная, уголовно-исполнительная деятельность",1606151117.0,1643057178.0,1637390991.3,563352290.6,1006465063.5,537067735.216,719646028.092,182578292.87600005,95.33425960583108,32.800213148210695,0,True,True,False,3.0,05.2024
5,Образование,7338423165.0,7446699920.8,6632594952.3,2357841929.9,5468887884.5,2330116071.266,4082228435.121,1752112363.855,98.82410019592889,35.13128855332829,0,True,True,False,4.0,05.2024
6,Здравоохранение,2757593261.0,2782102177.5,2732206605.5,1199263959.7,1510076218.4,874977396.522,1033528437.256,158551040.7340001,72.95953400791586,32.0245692533152,0,True,True,False,5.0,05.2024
7,Социальная помощь и социальное обеспечение,6197164450.8,6222157203.3,6196436460.5,2490834834.0,2846962065.6,2484257643.334,2549539891.049,65282247.714999676,99.73594432773217,40.09171495859318,0,True,True,False,6.0,05.2024
8,Жилищно-коммунальное хозяйство,2017725307.7,2531757603.3,2186403592.4,480449760.8,2062363462.4,431335389.671,1187704481.05,756369091.379,89.77741792456732,19.728077248424484,0,True,True,False,7.0,05.2024
9,"Культура, спорт, туризм и информационное пространство",1022748011.0,1082424755.5,1077729357.2,371655566.9,945230046.7,354626707.203,629420009.893,274793302.69,95.41810719020339,32.9049872153747,0,True,True,False,8.0,05.2024
10,Топливно-энергетический комплекс и недропользование,337029387.0,363300876.3,304322084.8,76918080.4,295445902.7,68872895.491,221586180.323,152713284.83200002,89.54058022878063,22.63157980672456,0,True,True,False,9.0,05.2024
11,"Сельское, водное, лесное, рыбное хозяйство, особо охраняемые природные территории, охрана окружающей среды и животного мира, земельные отношения",1432616673.7,1459004799.1,1475941679.9,616184864.8,1093939192.3,591892047.985,786582255.612,194690207.62699997,96.0575440581643,40.102671809166786,0,True,True,False,10.0,05.2024
12,"Промышленность, архитектурная, градостроительная и строительная деятельность",187519921.7,204607182.7,208874116.5,22469260.7,78222539.0,21649443.728,44473216.976,22823773.248000003,96.3513843070057,10.36482839078819,0,True,True,False,11.0,05.2024
13,Транспорт и коммуникации,1884594926.0,2092531291.7,2024335006.1,629336501.6,1821518977.9,588709777.112,1357732993.496,769023216.3840001,93.54451483670306,29.08163793729892,0,True,True,False,12.0,05.2024
14,Прочие,1643047432.4,1773244982.4,1419068532.9,455773325.2,1024265747.0,432285714.055,722783763.002,290498048.94699997,94.84664638179665,30.462638275234212,0,True,True,False,13.0,05.2024
15,Обслуживание долга,2074437866.0,2074507910.9,2074507910.9,1310015968.8,1329583927.2,1310014614.188,1310014614.188,0.0,99.9998965957643,63.14821010345851,0,True,True,False,14.0,05.2024
16,Трансферты,0.0,0.0,57753182.0,0.0,0.0,0.0,0.0,0.0,0.0,0.0,0,True,True,False,15.0,05.2024
17,Погашение займов,3271049283.0,3247685743.0,3247685743.0,1688868965.5,1742317063.1,1688868962.931,1688868962.931,0.0,99.99999984788637,52.002228558325136,0,True,True,False,16.0,05.2024
1,Итого,34443754232.0,35950068373.1,34475610465.7,16056522232.3,25301642033.2,15426009383.979,20334657313.148,4908647929.168999,96.07316678419545,44.744702633551434,0,True,True,False,,06.2024
2,Государственные услуги общего характера,1404718657.8,1460846392.3,1655653451.5,794951314.5,1203716657.5,739661518.625,1009456708.777,269795190.15199995,93.04488276621373,44.67489968718251,0,True,True,False,1.0,06.2024
3,Оборона,1268934771.9,1330160123.8,1313806069.4,473495977.5,918762371.9,450784349.88,587033240.812,136248890.93200004,95.20341698784549,34.311331054047265,0,True,True,False,2.0,06.2024
4,"Общественный порядок, безопасность, правовая, судебная, уголовно-исполнительная деятельность",1606151117.0,1647000492.5,1641671114.8,712625662.0,1087667930.8,665806817.672,837649527.349,171842709.67699993,93.43009284894374,40.556650578158795,0,True,True,False,3.0,06.2024
5,Образование,7338423165.0,7420647846.9,6608114252.7,3144039826.3,5747276134.1,3133046422.868,4712222805.683,1579176382.8149996,99.65034147023076,47.41211037003292,0,True,True,False,4.0,06.2024
6,Здравоохранение,2757593261.0,2788797235.7,2746543860.3,1341194929.3,1639605050.6,932826002.236,1087868805.192,155042802.95599997,69.55185870877568,33.96363028166275,0,True,True,False,5.0,06.2024
7,Социальная помощь и социальное обеспечение,6197164450.8,6222635964.7,6197770294.8,2995495119.5,3316483055.6,2988979100.972,3054311909.0,65332808.02799988,99.78247273762584,48.22668409443615,0,True,True,False,6.0,06.2024
8,Жилищно-коммунальное хозяйство,2017725307.7,2698450686.5,2386507482.1,648700732.0,2265228025.8,630001030.782,1450452661.214,820451630.432,97.1173608575487,26.398451943156388,0,True,True,False,7.0,06.2024
9,"Культура, спорт, туризм и информационное пространство",1022748011.0,1084064992.3,1077509147.2,444907508.6,964070808.4,435161016.958,688047884.445,252886867.48700005,97.809321835752,40.38583042091135,0,True,True,False,8.0,06.2024
10,Топливно-энергетический комплекс и недропользование,337029387.0,393812437.8,343676329.2,93132568.0,334414636.2,88230189.591,249973853.454,161743663.86299998,94.73612881693545,25.672466240657233,0,True,True,False,9.0,06.2024
11,"Сельское, водное, лесное, рыбное хозяйство, особо охраняемые природные территории, охрана окружающей среды и животного мира, земельные отношения",1432616673.7,1452813369.2,1471650902.1,680800927.3,1274978331.9,672976241.546,863393102.814,190416861.268,98.85066464509207,45.72933979014207,0,True,True,False,10.0,06.2024
12,"Промышленность, архитектурная, градостроительная и строительная деятельность",187519921.7,204886267.6,277808030.8,41667499.3,143603985.0,35864760.132,101815199.187,65950439.05500001,86.07370428875247,12.909907618120592,0,True,True,False,11.0,06.2024
13,Транспорт и коммуникации,1884594926.0,2114005940.1,2056972471.8,774474326.0,1899504729.7,753209469.028,1517633802.501,764424333.4729999,97.25428509918093,36.61738206777688,0,True,True,False,12.0,06.2024
14,Прочие,1643047432.4,1814350515.4,1322577768.7,505210138.1,1037345553.3,493637664.931,768973013.962,275335349.031,97.70937431847233,37.3239046212164,0,True,True,False,13.0,06.2024
15,Обслуживание долга,2074437866.0,2074671649.9,2074671649.9,1407922249.4,1422419665.9,1407921348.962,1407921348.962,0.0,99.99993604490585,67.86236988536774,0,True,True,False,14.0,06.2024
16,Трансферты,0.0,0.0,57753182.0,0.0,0.0,0.0,0.0,0.0,0.0,0.0,0,True,True,False,15.0,06.2024
17,Погашение займов,3271049283.0,3242924458.4,3242924458.4,1997903454.5,2046565096.5,1997903449.796,1997903449.796,0.0,99.99999976455318,61.60807861622929,0,True,True,False,16.0,06.2024
1,Итого,34443754232.0,36236739863.4,34744689424.3,19212105491.9,27031486808.6,18397875937.715,22697645231.913,4299769294.197998,95.7618931744452,52.95162006786498,0,True,True,False,,07.2024
2,Государственные услуги общего характера,1404718657.8,1475525326.6,1708771734.2,986665927.4,1354710716.2,913879355.257,1137083008.362,223203653.10500002,92.62297702579001,53.48165216958327,0,True,True,False,1.0,07.2024
3,Оборона,1268934771.9,1335717713.4,1315783848.3,661183391.6,968149049.0,596939255.159,716541338.62,119602083.46099997,90.283461856848,45.36757735172451,0,True,True,False,2.0,07.2024
4,"Общественный порядок, безопасность, правовая, судебная, уголовно-исполнительная деятельность",1606151117.0,1654394831.6,1650268056.9,878815362.1,1209057661.9,820759998.391,983629537.674,162869539.283,93.39390659145147,49.73495032878376,0,True,True,False,3.0,07.2024
5,Образование,7338423165.0,7414331495.8,6603357184.1,3694478260.6,5847721490.0,3665249765.702,4932959799.853,1267710034.1509995,99.20886001117644,55.50585351535171,0,True,True,False,4.0,07.2024
6,Здравоохранение,2757593261.0,2788228495.3,2749731922.9,1493385066.2,1768412304.9,1128861039.249,1274193691.471,145332652.22199988,75.5907545079079,41.0534943369479,0,True,True,False,5.0,07.2024
7,Социальная помощь и социальное обеспечение,6197164450.8,6227397296.5,6202253005.8,3499064347.2,3780903630.9,3492419369.046,3549397264.707,56977895.660999775,99.81009271351876,56.308882687953634,0,True,True,False,6.0,07.2024
8,Жилищно-коммунальное хозяйство,2017725307.7,2831315345.6,2496045501.5,959055066.3,2401963586.4,885638598.245,1653494599.485,767856001.2399999,92.3449162999328,35.4816688122382,0,True,True,False,7.0,07.2024
9,"Культура, спорт, туризм и информационное пространство",1022748011.0,1096319820.2,1090939597.1,546851802.7,995840770.8,531041494.077,754075922.622,223034428.54499996,97.108849500918,48.67744240731988,0,True,True,False,8.0,07.2024
10,Топливно-энергетический комплекс и недропользование,337029387.0,449513341.2,407764365.7,151482483.2,394900470.6,141036012.484,311953033.576,170917021.09199998,93.10384244084005,34.58762568472275,0,True,True,False,9.0,07.2024
11,"Сельское, водное, лесное, рыбное хозяйство, особо охраняемые природные территории, охрана окружающей среды и животного мира, земельные отношения",1432616673.7,1465542529.5,1482574933.1,837576660.8,1311475353.2,812267137.656,973439286.607,161172148.95099998,96.97824398308498,54.78759417290191,0,True,True,False,10.0,07.2024
12,"Промышленность, архитектурная, градостроительная и строительная деятельность",187519921.7,208067178.6,296608453.8,78348732.0,164467475.5,72121893.702,137977064.529,65855170.82700001,92.05240705363299,24.315521954283557,0,True,True,False,11.0,07.2024
13,Транспорт и коммуникации,1884594926.0,2168688523.8,2115820833.4,1065741213.9,2017501070.7,1038283076.423,1738348748.997,700065672.574,97.42356426505089,49.07235338800119,0,True,True,False,12.0,07.2024
14,Прочие,1643047432.4,1823674986.6,1268993826.8,642001383.7,1062580296.4,581924124.254,817097117.34,235172993.08600008,90.64219159470323,45.85712806195662,0,True,True,False,13.0,07.2024
15,Обслуживание долга,2074437866.0,2073769443.7,2073769443.7,1709347343.7,1722994562.0,1709346370.516,1709346370.516,0.0,99.9999430669253,82.4270207909998,0,True,True,False,14.0,07.2024
16,Трансферты,0.0,0.0,57753182.0,0.0,0.0,0.0,0.0,0.0,0.0,0.0,0,True,True,False,15.0,07.2024
17,Погашение займов,3271049283.0,3224253535.0,3224253535.0,2008108450.5,2030808370.1,2008108447.554,2008108447.554,0.0,99.99999985329478,62.281344371822165,0,True,True,False,16.0,07.2024
1,Итого,34443754232.0,36336152982.0,34821837590.3,22195733613.1,28643262722.8,21107737842.78,24835324734.603,3727586891.823002,95.09817612120798,60.61638128098038,0,True,True,False,,08.2024
2,Государственные услуги общего характера,1404718657.8,1482812965.3,1736048066.4,1142386342.7,1462833023.6,1071051363.832,1246519946.491,175468582.65899992,93.75561697460408,61.69479892644981,0,True,True,False,1.0,08.2024
3,Оборона,1268934771.9,1335963412.5,1316373685.2,783884730.9,920538483.1,713600137.006,829747392.315,116147255.30900002,91.03381005861611,54.20954133533754,0,True,True,False,2.0,08.2024
4,"Общественный порядок, безопасность, правовая, судебная, уголовно-исполнительная деятельность",1606151117.0,1657018287.2,1652878888.1,1011737633.8,1298968724.3,948116979.298,1102502738.953,154385759.6550001,93.71174379833572,57.36155178240975,0,True,True,False,3.0,08.2024
5,Образование,7338423165.0,7418052401.1,6597433318.3,4172022210.7,5955479721.2,4075144958.651,5160170489.369,1085025530.7180004,97.67793057763359,61.76864186481944,0,True,True,False,4.0,08.2024
6,Здравоохранение,2757593261.0,2793547942.4,2754621049.8,1725276555.7,1972959424.9,1328599817.602,1464869257.254,136269439.65199995,77.00793320424762,48.23167301718192,0,True,True,False,5.0,08.2024
7,Социальная помощь и социальное обеспечение,6197164450.8,6225682779.6,6201332980.1,4009212658.3,4246771813.3,4004463573.638,4055066891.583,50603317.94500017,99.88154570319017,64.5742389013503,0,True,True,False,6.0,08.2024
8,Жилищно-коммунальное хозяйство,2017725307.7,2875917587.0,2540172988.0,1216317218.8,2482541393.4,1123353416.044,1774041455.511,650688039.467,92.35694428072664,44.22350057853618,0,True,True,False,7.0,08.2024
9,"Культура, спорт, туризм и информационное пространство",1022748011.0,1097338803.3,1093311923.1,628436633.6,1020537112.0,609641679.373,809005493.014,199363813.64100003,97.00925229018985,55.76100164026466,0,True,True,False,8.0,08.2024
10,Топливно-энергетический комплекс и недропользование,337029387.0,473231718.2,421275069.3,214801653.5,418815486.2,197033618.696,344127038.888,147093420.192,91.72816665305605,46.770775926378796,0,True,True,False,9.0,08.2024
11,"Сельское, водное, лесное, рыбное хозяйство, особо охраняемые природные территории, охрана окружающей среды и животного мира, земельные отношения",1432616673.7,1455473525.4,1471157218.2,940922319.4,1353025015.0,916074779.786,1060190859.154,144116079.36800003,97.35923581557248,62.26899263063412,0,True,True,False,10.0,08.2024
12,"Промышленность, архитектурная, градостроительная и строительная деятельность",187519921.7,210919475.4,307565869.0,108302779.6,184746849.9,96988709.524,160532809.476,63544099.95200001,89.55329667642252,31.534288846595004,0,True,True,False,11.0,08.2024
13,Транспорт и коммуникации,1884594926.0,2182069426.1,2121465314.7,1292625709.9,2068926041.0,1237448402.569,1847173740.526,609725337.957,95.73137785296963,58.32989085395391,0,True,True,False,12.0,08.2024
14,Прочие,1643047432.4,1830099304.8,1252422684.4,808418039.7,1084677779.8,644832180.027,839988395.335,195156215.3080001,79.76469454668454,51.48678541669186,0,True,True,False,13.0,08.2024
15,Обслуживание долга,2074437866.0,2073771818.7,2073771818.7,1878645789.0,1887030961.0,1878644890.883,1878644890.883,0.0,99.99995219338285,90.59072333525485,0,True,True,False,14.0,08.2024
16,Трансферты,0.0,0.0,57753182.0,0.0,0.0,0.0,0.0,0.0,0.0,0.0,0,True,True,False,15.0,08.2024
17,Погашение займов,3271049283.0,3224253535.0,3224253535.0,2262743337.5,2285410894.1,2262743335.851,2262743335.851,0.0,99.99999992712385,70.17882779032138,0,True,True,False,16.0,08.2024
1,Итого,28947958691.0,30938353054.4,29456216660.8,20478768430.4,25877164430.3,19506174366.439,22850582642.022,3344408275.583,95.25071994799637,66.22090878492754,0,True,True,False,,09.2024
2,Государственные услуги общего характера,1404718657.8,1488203290.5,1750746061.1,1262405041.5,1534575871.0,1196830919.348,1372320796.675,175489877.3269999,94.80561943303995,68.36119446106461,0,True,True,False,1.0,09.2024
3,Оборона,1268934771.9,1336324011.3,1323331676.1,842736356.6,972398904.6,801809151.623,916520685.468,114711533.84500003,95.14353395857754,60.590188091470566,0,True,True,False,2.0,09.2024
4,"Общественный порядок, безопасность, правовая, судебная, уголовно-исполнительная деятельность",1606151117.0,1659121354.8,1655149404.8,1123491382.5,1373022660.6,1071277389.238,1214480942.614,143203553.37600005,95.35252392004885,64.7239086774434,0,True,True,False,3.0,09.2024
5,Образование,7338423165.0,7415268890.0,6613696792.2,4557011052.3,6132442968.7,4510595292.763,5478818310.898,968223018.1350002,98.981442901843,68.20081770429306,0,True,True,False,4.0,09.2024
6,Здравоохранение,2641109398.0,2677116870.2,2688263436.0,1921860781.2,2104350569.3,1526868364.476,1613170244.54,86301880.06399989,79.44739699212923,56.797572143744326,0,True,True,False,5.0,09.2024
7,Социальная помощь и социальное обеспечение,817852772.8,846489867.8,826606156.3,521061947.4,717149367.1,518748878.241,555787392.396,37038514.15500003,99.5560855728303,62.75647408228722,0,True,True,False,6.0,09.2024
8,Жилищно-коммунальное хозяйство,2017725307.7,2907118753.1,2550135266.4,1482160580.7,2524769301.2,1386023465.167,2026939893.819,640916428.652,93.51371796114049,54.35097829628604,0,True,True,False,7.0,09.2024
9,"Культура, спорт, туризм и информационное пространство",1022748011.0,1099930144.1,1095827402.0,694043090.8,1040671009.2,683588174.451,859855565.759,176267391.30799997,98.49362143538538,62.3810075567904,0,True,True,False,8.0,09.2024
10,Топливно-энергетический комплекс и недропользование,337029387.0,481251549.4,423071317.2,252526731.0,422348311.1,237750877.467,368748181.726,130997304.259,94.14879625832562,56.196406563436966,0,True,True,False,9.0,09.2024
11,"Сельское, водное, лесное, рыбное хозяйство, особо охраняемые природные территории, охрана окружающей среды и животного мира, земельные отношения",1432616673.7,1460954109.0,1476392099.1,1002174592.5,1307232565.5,982752990.536,1113257801.83,130504811.29399991,98.06205404633624,66.56449808523634,0,True,True,False,10.0,09.2024
12,"Промышленность, архитектурная, градостроительная и строительная деятельность",187519921.7,211965351.4,314014489.7,142449090.2,191699296.7,122290612.579,171221579.966,48930967.386999995,85.84864417687942,38.94425785760166,0,True,True,False,11.0,09.2024
13,Транспорт и коммуникации,1884594926.0,2197948255.2,2134170492.0,1470848337.7,2083921198.3,1413252137.854,1950925130.525,537672992.671,96.08415100525833,66.2202079520646,0,True,True,False,12.0,09.2024
14,Прочие,1643047432.4,1858635253.9,1249033532.2,870936171.5,1108701390.9,719323741.338,873473744.448,154150003.1099999,82.59201591077792,57.59042674146711,0,True,True,False,13.0,09.2024
15,Обслуживание долга,2074437866.0,2073771818.7,2073771818.7,1990052186.0,1998478370.0,1990051285.088,1990051285.088,0.0,99.9999547292274,95.9628859425584,0,True,True,False,14.0,09.2024
16,Трансферты,0.0,0.0,57753182.0,0.0,0.0,0.0,0.0,0.0,0.0,0.0,0,True,True,False,15.0,09.2024
17,Погашение займов,3271049283.0,3224253535.0,3224253535.0,2345011088.5,2365402646.1,2345011086.27,2345011086.27,0.0,99.9999999049045,72.73035636975737,0,True,True,False,16.0,09.2024
1,Итого,34433804252.0,36714529050.3,35567024837.9,28721321177.9,32916553065.4,27117379597.768,30088641122.671,2971261524.903,94.41550209268864,76.24303613067993,0,True,True,False,,10.2024
2,Государственные услуги общего характера,1404718657.8,1503524747.0,1792788358.7,1428935462.1,1671865388.4,1323658130.86,1510042501.348,186384370.48800015,92.63246423422919,73.83236980743342,0,True,True,False,1.0,10.2024
3,Оборона,1268934771.9,1352816755.4,1340358486.8,928408434.7,1132021429.5,884377132.398,992967058.385,108589925.98699999,95.25733495557608,65.98064182884241,0,True,True,False,2.0,10.2024
4,"Общественный порядок, безопасность, правовая, судебная, уголовно-исполнительная деятельность",1606151117.0,1658987367.2,1654898082.2,1287197697.4,1472678637.8,1204482380.466,1338325005.051,133842624.58500004,93.5740005516576,72.78287366583788,0,True,True,False,3.0,10.2024
5,Образование,7328473185.0,7470081743.8,6696121082.0,5297037038.5,6406824334.6,5040313546.302,5849193826.516,808880280.2139997,95.15345106458425,75.27213866922128,0,True,True,False,4.0,10.2024
6,Здравоохранение,2757593261.0,2797065704.7,2765439266.4,2157112642.7,2333818219.6,1695077607.396,1794182825.224,99105217.82800007,78.58085729238121,61.29505818446781,0,True,True,False,5.0,10.2024
7,Социальная помощь и социальное обеспечение,6197164450.8,6220236306.2,6130112391.0,5018046799.1,5171309120.5,5008896081.68,5046238908.277,37342826.59700012,99.81764384059468,81.70969408381276,0,True,True,False,6.0,10.2024
8,Жилищно-коммунальное хозяйство,2017725307.7,2982719535.9,2602105442.7,1832218902.8,2585214488.4,1630048663.34,2188228332.76,558179669.4200003,88.96582503591448,62.643451590825116,0,True,True,False,7.0,10.2024
9,"Культура, спорт, туризм и информационное пространство",1022748011.0,1114115525.7,1111975547.8,803892638.0,1071467028.4,762927291.796,911663766.259,148736474.46299994,94.90412720958392,68.61007809977671,0,True,True,False,8.0,10.2024
10,Топливно-энергетический комплекс и недропользование,337029387.0,521869202.8,462297913.3,323483481.1,461794306.2,291286909.759,434043466.277,142756556.518,90.04691948055087,63.008484654347676,0,True,True,False,9.0,10.2024
11,"Сельское, водное, лесное, рыбное хозяйство, особо охраняемые природные территории, охрана окружающей среды и животного мира, земельные отношения",1432616673.7,1463927112.6,1478536649.4,1116252187.3,1410423159.7,1081412667.705,1192126288.405,110713620.70000005,96.87888453958865,73.14074143132294,0,True,True,False,10.0,10.2024
12,"Промышленность, архитектурная, градостроительная и строительная деятельность",187519921.7,215354294.6,320233730.5,158331804.6,198117616.0,139652376.849,181903021.024,42250644.17499998,88.20235277543222,43.60951503483172,0,True,True,False,11.0,10.2024
13,Транспорт и коммуникации,1884594926.0,2248563496.5,2188052558.1,1689643636.0,2146027330.1,1602275474.708,2046018697.483,443743222.7750001,94.82919596591195,73.22838150192055,0,True,True,False,12.0,10.2024
14,Прочие,1643047432.4,1875375399.2,1168393325.3,963869342.2,1131282182.2,779863894.039,929879820.192,150015926.153,80.90971046542329,66.74669198737163,0,True,True,False,13.0,10.2024
15,Обслуживание долга,2074437866.0,2073765956.7,2151848322.7,2144143894.0,2146834715.0,2100421366.048,2101141531.048,720165.0,97.96083984501462,97.61010308628664,0,True,True,False,14.0,10.2024
16,Трансферты,0.0,0.0,57753182.0,0.0,0.0,0.0,0.0,0.0,0.0,0.0,0,True,True,False,15.0,10.2024
17,Погашение займов,3271049283.0,3216125902.0,3646110499.0,3572747217.4,3576875109.0,3572686074.422,3572686074.422,0.0,99.99828862849007,97.98622601815995,0,True,True,False,16.0,10.2024
1,Итого,34433804252.0,36733383528.4,35569827853.9,32054559120.4,34235673552.5,30281199750.21,32195235981.392,1914036231.1819992,94.46768441416057,85.13170171806121,0,True,True,False,,11.2024
2,Государственные услуги общего характера,1404718657.8,1511373769.0,1808247881.4,1604193285.3,1746842496.2,1499071393.354,1624742329.82,125670936.46599984,93.44705573142072,82.90187472490629,0,True,True,False,1.0,11.2024
3,Оборона,1268934771.9,1352448014.2,1339066115.5,1133727688.2,1191332579.5,987293632.228,1073169098.199,85875465.97099996,87.08384231097939,73.73001383575074,0,True,True,False,2.0,11.2024
4,"Общественный порядок, безопасность, правовая, судебная, уголовно-исполнительная деятельность",1606151117.0,1662374139.9,1658355918.1,1482662907.1,1552803713.5,1403283508.292,1473162732.583,69879224.29099989,94.6461600659275,84.61895863101331,0,True,True,False,3.0,11.2024
5,Образование,7328473185.0,7469349830.5,6697302167.1,5984258002.9,6558713111.8,5759980067.225,6262486997.936,502506930.7109995,96.25220143305464,86.00448245444971,0,True,True,False,4.0,11.2024
6,Здравоохранение,2757593261.0,2796619708.8,2724957425.4,2366408337.3,2463009488.6,2022415923.806,2090764922.114,68348998.30800009,85.46352258518134,74.21825768559033,0,True,True,False,5.0,11.2024
7,Социальная помощь и социальное обеспечение,6197164450.8,6208412061.0,6116197795.3,5536443736.9,5635062331.7,5523292481.367,5547191533.741,23899052.37400055,99.76246023335615,90.30598202058442,0,True,True,False,6.0,11.2024
8,Жилищно-коммунальное хозяйство,2017725307.7,3005602089.3,2620901762.4,2260366533.9,2614275003.4,1916095392.668,2309924887.884,393829495.21599984,84.76923383580626,73.10824923530906,0,True,True,False,7.0,11.2024
9,"Культура, спорт, туризм и информационное пространство",1022748011.0,1111230406.5,1110179322.0,911628236.8,1089463174.7,872403231.731,957924154.026,85520922.29500008,95.69725865373722,78.58219068243463,0,True,True,False,8.0,11.2024
10,Топливно-энергетический комплекс и недропользование,337029387.0,526099970.1,458664912.7,410907542.9,458361406.6,356430281.871,441444101.938,85013820.06700003,86.7422095383005,77.71038769301526,0,True,True,False,9.0,11.2024
11,"Сельское, водное, лесное, рыбное хозяйство, особо охраняемые природные территории, охрана окружающей среды и животного мира, земельные отношения",1432616673.7,1456519658.9,1471235323.9,1370593287.4,1448922363.6,1201207389.099,1269622245.951,68414856.852,87.64141778176054,81.6461764875791,0,True,True,False,10.0,11.2024
12,"Промышленность, архитектурная, градостроительная и строительная деятельность",187519921.7,215623327.0,357617229.2,211974857.5,356504407.3,169635534.091,220435033.464,50799499.372999996,80.02625221295408,47.43494447134987,0,True,True,False,11.0,11.2024
13,Транспорт и коммуникации,1884594926.0,2244426828.9,2185464711.7,1928504358.1,2158362843.0,1843879292.938,2112065812.513,268186519.57500005,95.61188105141882,84.37012426083548,0,True,True,False,12.0,11.2024
14,Прочие,1643047432.4,1884199022.2,1157559776.1,1037070361.8,1144265718.9,919782573.465,1005114509.348,85331935.88300002,88.69046955199565,79.45875387652909,0,True,True,False,13.0,11.2024
15,Обслуживание долга,2074437866.0,2072970600.1,2215288806.1,2174484693.9,2176419622.7,2173297306.3,2174055880.1,758573.7999997139,99.94539452941054,98.10446837972673,0,True,True,False,14.0,11.2024
16,Трансферты,0.0,0.0,2678208.0,2678208.0,2678208.0,0.0,0.0,0.0,0.0,0.0,0,True,True,False,15.0,11.2024
17,Погашение займов,3271049283.0,3216134102.0,3646110499.0,3638657082.4,3638657083.0,3633131741.775,3633131741.775,0.0,99.84814890494282,99.64403829152847,0,True,True,False,16.0,11.2024
1,Итого,34433804252.0,37104862953.0,35443077704.7,35443077704.7,35443077704.7,34687576161.021,34826211008.587,138634847.56599426,97.86840874832151,97.86840874832151,0,True,True,False,,12.2024
2,Государственные услуги общего характера,1404718657.8,1467113955.8,1809411669.5,1809411669.5,1809411669.5,1776016383.283,1780936657.014,4920273.730999947,98.15435664642152,98.15435664642152,0,True,True,False,1.0,12.2024
3,Оборона,1268934771.9,1310212748.8,1278784683.4,1278784683.4,1278784683.4,1184492093.587,1186132367.666,1640274.0789999962,92.62639042858275,92.62639042858275,0,True,True,False,2.0,12.2024
4,"Общественный порядок, безопасность, правовая, судебная, уголовно-исполнительная деятельность",1606151117.0,1655358644.9,1677050854.1,1677050854.1,1677050854.1,1670629264.164,1676651931.177,6022667.013000011,99.61709032732665,99.61709032732665,0,True,True,False,3.0,12.2024
5,Образование,7328473185.0,7482145624.4,6717662052.0,6717662052.0,6717662052.0,6707200154.372,6711666852.764,4466698.392000198,99.84426281722693,99.84426281722693,0,True,True,False,4.0,12.2024
6,Здравоохранение,2757593261.0,2739848737.9,2724333717.7,2724333717.7,2724333717.7,2499780161.003,2507547266.3,7767105.297000408,91.75748715225028,91.75748715225028,0,True,True,False,5.0,12.2024
7,Социальная помощь и социальное обеспечение,6197164450.8,6120307129.3,6069522107.9,6069522107.9,6069522107.9,6035107094.688,6038296873.056,3189778.3680000305,99.4329864427513,99.4329864427513,0,True,True,False,6.0,12.2024
8,Жилищно-коммунальное хозяйство,2017725307.7,2928959226.4,2547915389.4,2547915389.4,2547915389.4,2456826638.341,2518418382.988,61591744.646999836,96.42496954812734,96.42496954812734,0,True,True,False,7.0,12.2024
9,"Культура, спорт, туризм и информационное пространство",1022748011.0,1082003429.7,1087063107.7,1087063107.7,1087063107.7,1082471796.508,1084760985.658,2289189.1500000954,99.57764078649359,99.57764078649359,0,True,True,False,8.0,12.2024
10,Топливно-энергетический комплекс и недропользование,337029387.0,501632121.4,448372936.4,448372936.4,448372936.4,434088467.095,445737953.923,11649486.82799995,96.81415443588313,96.81415443588313,0,True,True,False,9.0,12.2024
11,"Сельское, водное, лесное, рыбное хозяйство, особо охраняемые природные территории, охрана окружающей среды и животного мира, земельные отношения",1432616673.7,1443495599.4,1472003879.0,1472003879.0,1472003879.0,1385913832.947,1386965477.786,1051644.8389999866,94.15150684850879,94.15150684850879,0,True,True,False,10.0,12.2024
12,"Промышленность, архитектурная, градостроительная и строительная деятельность",187519921.7,187469549.7,324398733.1,324398733.1,324398733.1,277978617.942,279035182.315,1056564.3730000257,85.69041416580056,85.69041416580056,0,True,True,False,11.0,12.2024
13,Транспорт и коммуникации,1884594926.0,2277924584.6,2241010122.3,2241010122.3,2241010122.3,2194773619.882,2219103656.573,24330036.690999985,97.93680082218698,97.93680082218698,0,True,True,False,12.0,12.2024
14,Прочие,1643047432.4,2015534011.8,1161657272.3,1161657272.3,1161657272.3,1103329600.307,1111988984.465,8659384.157999992,94.97892593763775,94.97892593763775,0,True,True,False,13.0,12.2024
15,Обслуживание долга,2074437866.0,2241265195.2,2232330681.2,2232330681.2,2232330681.2,2232329182.849,2232329182.849,0.0,99.99993287952307,99.99993287952307,0,True,True,False,14.0,12.2024
16,Погашение займов,3271049283.0,3651592393.7,3651560498.7,3651560498.7,3651560498.7,3646639254.053,3646639254.053,0.0,99.86522899870475,99.86522899870475,0,True,True,False,16.0,12.2024
1,Итого,38714008580.0,38714617206.0,37367912672.0,2563692561.9,14903324494.1,2049441941.07,4548525277.774,2499083336.7040005,79.94101833923177,5.484496709942429,0,True,True,False,,01.2025
2,Государственные услуги общего характера,1469951363.4,1469971220.4,1491286704.3,90703272.6,692592366.4,64574463.369,230234149.075,165659685.70599997,71.19309096351174,4.330117286153291,0,True,True,False,1.0,01.2025
3,Оборона,1341162334.0,1341181916.0,1340202916.0,39140918.4,281364254.2,25521030.455,108664549.886,83143519.43100001,65.20294233821554,1.9042661488284658,0,True,True,False,2.0,01.2025
4,"Общественный порядок, безопасность, правовая, судебная, уголовно-исполнительная деятельность",1739731263.0,1739731263.0,1739659778.0,114422296.0,531888478.0,71595934.199,167128292.849,95532358.65,62.57166365460801,4.11551356790638,0,True,True,False,3.0,01.2025
5,Образование,7493288375.0,7493288375.0,6932881739.0,353938139.8,4681048032.7,312398568.713,1228222587.183,915824018.47,88.2636069934501,4.506042082841881,0,True,True,False,4.0,01.2025
6,Здравоохранение,3072506105.0,3072506105.0,2963442996.0,393745002.0,764718903.0,197752552.029,284936432.66,87183880.63100001,50.223507860297865,6.673067519635866,0,True,True,False,5.0,01.2025
7,Социальная помощь и социальное обеспечение,7034932918.9,7034933268.9,6956664630.9,543607466.8,1161914775.3,540878052.492,579864468.496,38986416.00400007,99.49790713433961,7.774962301467527,0,True,True,False,6.0,01.2025
8,Жилищно-коммунальное хозяйство,2203746815.3,2204083799.3,1957105539.3,58583105.6,1557881343.6,48037126.901,313567258.521,265530131.62000003,81.99825941115692,2.454498540644951,0,True,True,False,7.0,01.2025
9,"Культура, спорт, туризм и информационное пространство",1096834975.6,1096545975.6,1095035690.6,50931451.0,830215998.7,38103859.733,207609887.307,169506027.574,74.8140078180769,3.479691124233755,0,True,True,False,8.0,01.2025
10,Топливно-энергетический комплекс и недропользование,329626096.0,329666096.0,298823757.0,8550273.0,206855826.0,7679066.446,30377465.294,22698398.847999997,89.81077500098536,2.5697643731853628,0,True,True,False,9.0,01.2025
11,"Сельское, водное, лесное, рыбное хозяйство, особо охраняемые природные территории, охрана окружающей среды и животного мира, земельные отношения",1669006842.4,1669049478.4,1611802383.5,136682941.8,899264389.5,45456772.194,174095072.963,128638300.769,33.25709235942125,2.8202447557678525,0,True,True,False,10.0,01.2025
12,"Промышленность, архитектурная, градостроительная и строительная деятельность",99354901.8,99354901.8,99355901.8,1684990.6,45025036.9,1536745.635,6156150.757,4619405.122,91.20203014782396,1.5467079530850778,0,True,True,False,11.0,01.2025
13,Транспорт и коммуникации,2685922533.0,2685955660.0,2565592539.0,126309184.4,2000175447.4,78307550.639,506352684.926,428045134.287,61.99671940799896,3.0522208592609257,0,True,True,False,12.0,01.2025
14,Прочие,1644868589.6,1645273679.6,1482982629.6,42312285.7,559894703.4,17052431.934,110768491.526,93716059.592,40.301372643643305,1.1498740169734487,0,True,True,False,13.0,01.2025
15,Обслуживание долга,2554106555.0,2554106555.0,2554106555.0,196562784.2,223901677.0,194029392.954,194029392.954,0.0,98.71115417075987,7.5967618725288455,0,True,True,False,14.0,01.2025
16,Погашение займов,4278968912.0,4278968912.0,4278968912.0,406518450.0,466583262.0,406518393.377,406518393.377,0.0,99.99998607123489,9.500382025140546,0,True,True,False,16.0,01.2025
1,Итого,38714008580.0,38839164346.2,37514785369.1,5939052357.1,18322128978.3,5321344220.705,9319918448.206,3998574227.5009995,89.59921382648623,14.184658577543294,0,True,True,False,,02.2025
2,Государственные услуги общего характера,1469951363.4,1477477158.7,1579951760.8,341900565.1,891488364.4,285570139.872,541496328.217,255926188.34500003,83.52432520504189,18.074611324044675,0,True,True,False,1.0,02.2025
3,Оборона,1341162334.0,1343437224.0,1342503280.0,113299206.6,374652623.8,92355081.105,210274805.417,117919724.31199999,81.51432289464947,6.879318842707037,0,True,True,False,2.0,02.2025
4,"Общественный порядок, безопасность, правовая, судебная, уголовно-исполнительная деятельность",1739731263.0,1744669302.0,1744672149.0,235217207.1,727042769.5,202194865.611,315453182.347,113258316.736,85.96091591421671,11.589275711593881,0,True,True,False,3.0,02.2025
5,Образование,7493288375.0,7506767282.1,6946625692.7,957352376.0,5034410489.6,928060957.364,2222157480.874,1294096523.5100002,96.94037228398751,13.35988145063396,0,True,True,False,4.0,02.2025
6,Здравоохранение,3072506105.0,3070713447.0,2962198294.0,662923655.0,1066338887.8,388977412.074,554344361.17,165366949.09599996,58.676049517949394,13.13137654767686,0,True,True,False,5.0,02.2025
7,Социальная помощь и социальное обеспечение,7034932918.9,7037242835.7,6959166283.3,1089428145.1,1685640672.7,1086777430.763,1160734380.874,73956950.11100006,99.75668754759805,15.616488908606103,0,True,True,False,6.0,02.2025
8,Жилищно-коммунальное хозяйство,2203746815.3,2267023016.4,2033295597.4,176329196.3,1794085633.2,164471178.773,695370928.523,530899749.75,93.27506857864581,8.088896616080381,0,True,True,False,7.0,02.2025
9,"Культура, спорт, туризм и информационное пространство",1096834975.6,1106863820.3,1105136068.2,160831593.7,898328716.2,153173144.515,462662195.936,309489051.421,95.2382184315817,13.860116317123019,0,True,True,False,8.0,02.2025
10,Топливно-энергетический комплекс и недропользование,329626096.0,332909397.1,303204933.5,45302642.2,239084261.5,38083380.226,113202003.166,75118622.94,84.06436882394466,12.560277231109104,0,True,True,False,9.0,02.2025
11,"Сельское, водное, лесное, рыбное хозяйство, особо охраняемые природные территории, охрана окружающей среды и животного мира, земельные отношения",1669006842.4,1669479881.7,1731179267.3,267858742.9,1025806599.8,205887801.179,429459382.947,223571581.76800004,76.86431995832382,11.89292207156044,0,True,True,False,10.0,02.2025
12,"Промышленность, архитектурная, градостроительная и строительная деятельность",99354901.8,102247163.3,102487252.4,6447834.3,56180679.4,5823824.778,22209936.222,16386111.443999998,90.32218427201208,5.682486984108084,0,True,True,False,11.0,02.2025
13,Транспорт и коммуникации,2685922533.0,2698712693.8,2582570885.2,323918537.7,2189255144.4,265108035.225,920118095.496,655010060.271,81.84404545272804,10.26527623091629,0,True,True,False,12.0,02.2025
14,Прочие,1644868589.6,1648545657.1,1288565165.5,178292653.9,872520571.2,124910978.058,292485375.855,167574397.79700002,70.05952030309646,9.693803728547246,0,True,True,False,13.0,02.2025
15,Обслуживание долга,2554106555.0,2554106555.0,2554145555.0,532224776.2,559389255.0,532224768.014,532224768.014,0.0,99.99999846192806,20.837683544389858,0,True,True,False,14.0,02.2025
16,Погашение займов,4278968912.0,4278968912.0,4279083184.8,847725225.0,907904309.8,847725223.148,847725223.148,0.0,99.99999978153299,19.81090777013305,0,True,True,False,16.0,02.2025
1,Итого,38714008580.0,39019908526.0,37699661990.6,8962153926.6,20866738459.7,7821808513.272,12498895339.616,4677086826.343999,87.27598942545036,20.74768870665812,0,True,True,False,,03.2025
2,Государственные услуги общего характера,1469951363.4,1495283970.8,1633208431.0,485536684.1,1012049965.4,393460716.744,701393086.463,307932369.71900004,81.03624908864018,24.09127391677052,0,True,True,False,1.0,03.2025
3,Оборона,1341162334.0,1351418404.3,1350879088.0,218957957.4,744271211.0,154969528.35,301798576.286,146829047.93600002,70.77592894552642,11.471754187818178,0,True,True,False,2.0,03.2025
4,"Общественный порядок, безопасность, правовая, судебная, уголовно-исполнительная деятельность",1739731263.0,1749061550.3,1749608349.3,371534056.5,856930212.9,327347462.151,457420218.032,130072755.88099998,88.10698680889298,18.709756516763782,0,True,True,False,3.0,03.2025
5,Образование,7493288375.0,7510293922.6,6950058234.7,1497959787.7,5228520056.0,1424167030.253,2818229069.792,1394062039.5389998,95.07378248382068,20.49144024639204,0,True,True,False,4.0,03.2025
6,Здравоохранение,3072506105.0,3071547789.2,2964999851.6,871527384.8,1258130808.5,477084700.944,666873904.363,189789203.41900003,54.74121746082397,16.09054721154712,0,True,True,False,5.0,03.2025
7,Социальная помощь и социальное обеспечение,7034932918.9,7038106654.5,6960157143.6,1638155175.6,2195978583.1,1634227143.363,1712691575.671,78464432.30800009,99.76021610800323,23.479744920209217,0,True,True,False,6.0,03.2025
8,Жилищно-коммунальное хозяйство,2203746815.3,2337694864.2,2120596982.0,320495659.3,1900514291.8,297432640.132,1010622276.22,713189636.088,92.80395272173972,14.025891890663836,0,True,True,False,7.0,03.2025
9,"Культура, спорт, туризм и информационное пространство",1096834975.6,1114613090.9,1114119386.2,249036052.8,932163392.1,235945915.224,570210750.936,334264835.712,94.74367770095013,21.177794601416657,0,True,True,False,8.0,03.2025
10,Топливно-энергетический комплекс и недропользование,329626096.0,339095096.1,315513047.5,62051034.4,266114024.4,58972962.936,176417522.408,117444559.472,95.0394518096865,18.69113287177133,0,True,True,False,9.0,03.2025
11,"Сельское, водное, лесное, рыбное хозяйство, особо охраняемые природные территории, охрана окружающей среды и животного мира, земельные отношения",1669006842.4,1668076199.6,1771023976.1,454017086.2,1191881208.9,332908186.917,602218987.326,269310800.409,73.3250349019574,18.797497459639274,0,True,True,False,10.0,03.2025
12,"Промышленность, архитектурная, градостроительная и строительная деятельность",99354901.8,103851462.0,105766422.6,17537768.2,98611545.0,10652753.974,33549879.727,22897125.753000002,60.741787965928296,10.07196207655415,0,True,True,False,11.0,03.2025
13,Транспорт и коммуникации,2685922533.0,2744450447.4,2632701509.0,628692583.0,2313096626.7,421796504.974,1165262609.974,743466105.0,67.09105791597989,16.021432871598662,0,True,True,False,12.0,03.2025
14,Прочие,1644868589.6,1662500325.1,1197075820.0,257552095.7,897534807.9,163742372.535,393106287.643,229363915.108,63.57640852813298,13.67852978059485,0,True,True,False,13.0,03.2025
15,Обслуживание долга,2554106555.0,2554106555.0,2554145555.0,982010082.9,1008447114.0,982010077.177,982010077.177,0.0,99.99999941721576,38.44769438666545,0,True,True,False,14.0,03.2025
16,Погашение займов,4278968912.0,4279808194.0,4279808194.0,907090518.0,962494612.0,907090517.598,907090517.598,0.0,99.99999995568248,21.194653509698853,0,True,True,False,16.0,03.2025
