id,code,name,utv,utch,plg,plgp,plgo,sumrg,obz,obzsumrg,plgpsumrg,plgsumrg,level,isLeaf,loaded,expanded,month
1,0,Итого,11514417815.0,11578294524.7,11598268513.8,440644892.1,7801686257.1,424184043.679,1571941239.121,1147757195.442,96.2643732592583,3.6573049086964313,0,True,True,False,01.2023
2,1,Государственные услуги общего характера,330733637.2,331492887.2,331696175.9,18038864.7,201336585.6,16654659.45,28302300.177,11647640.727000002,92.32653898668023,5.021058625355108,0,True,True,False,01.2023
3,2,Оборона,68660352.4,70143583.3,70154383.3,745787.4,45239853.3,704308.296,6313900.514,5609592.218,94.43821335678237,1.0039405420872682,0,True,True,False,01.2023
4,3,"Общественный порядок, безопасность, правовая, судебная, уголовно-исполнительная деятельность",291862091.0,292497180.0,292497180.0,13461737.0,165568537.4,12363646.034,22328088.529,9964442.495,91.8428731299683,4.226928284915431,0,True,True,False,01.2023
5,4,Образование,5005750655.0,5009614474.6,5009990002.6,230230806.5,3812407177.9,225596110.735,973862297.292,748266186.557,97.98693500863014,4.502925367474265,0,True,True,False,01.2023
6,5,Здравоохранение,307894771.0,308037186.0,308037186.0,3351844.8,185560237.0,2911017.408,23917572.981,21006555.573,86.84821588398125,0.9450214260819795,0,True,True,False,01.2023
7,6,Социальная помощь и социальное обеспечение,677644184.4,678589079.7,678599079.7,16151124.6,413771454.9,14280465.251,30866669.578,16586204.327000001,88.41777649960054,2.1044038635173528,0,True,True,False,01.2023
8,7,Жилищно-коммунальное хозяйство,1224194727.7,1232024144.1,1239632736.2,27806131.3,852936429.0,26064591.386,185699264.107,159634672.721,93.73684927539703,2.10260592713121,0,True,True,False,01.2023
9,8,"Культура, спорт, туризм и информационное пространство",554081353.3,559482405.7,559736929.8,24787600.8,360912998.6,23109071.848,61180599.182,38071527.33399999,93.22835249146017,4.128559438852306,0,True,True,False,01.2023
10,9,Топливно-энергетический комплекс и недропользование,169350210.0,169755419.4,169755419.4,10534398.0,132146553.0,9942229.967,13440604.076,3498374.1089999992,94.37871976167979,5.856796797498885,0,True,True,False,01.2023
11,10,"Сельское, водное, лесное, рыбное хозяйство, особо охраняемые природные территории, охрана окружающей среды и животного мира, земельные отношения",699228597.2,700889012.4,701154884.4,6435817.8,501694402.8,5977028.434,28719406.796,22742378.362,92.87131208096041,0.8524547952218473,0,True,True,False,01.2023
12,11,"Промышленность, архитектурная, градостроительная и строительная деятельность",38052685.9,38130502.6,38165148.6,1214103.3,26766946.6,1095197.441,2994969.956,1899772.5149999997,90.20628154128237,2.8696270843289735,0,True,True,False,01.2023
13,12,Транспорт и коммуникации,827597641.8,849325223.2,849791312.2,17144855.5,603130363.8,15486381.98,76624423.346,61138041.366,90.32669875812019,1.8223747121993699,0,True,True,False,01.2023
14,13,Прочие,577036501.1,595550415.4,594946541.6,42846332.4,381247370.2,42103880.079,89795687.217,47691807.13799999,98.26717415607784,7.076918199367848,0,True,True,False,01.2023
15,14,Обслуживание долга,60635388.0,60704192.0,60704192.0,350677.0,15942317.0,350655.466,350655.466,0.0,99.9938593064273,0.5776462126371766,0,True,True,False,01.2023
16,15,Трансферты,437012012.0,437393185.1,448741708.1,27544591.0,33913805.0,27544590.904,27544590.904,0.0,99.99999965147421,6.138183816393063,0,True,True,False,01.2023
17,16,Погашение займов,244683007.0,244665634.0,244665634.0,220.0,69111225.0,209.0,209.0,0.0,95.0,8.542270386857845e-05,0,True,True,False,01.2023
1,0,Итого,11520467815.0,11590971830.0,11677662139.3,1347618354.3,8763669998.6,1302449557.002,2934134606.584,1631685049.582,96.64825006620943,11.153341666040644,0,True,True,False,02.2023
2,1,Государственные услуги общего характера,330733637.2,334071214.8,336167147.1,53427341.3,232488301.4,51835065.351,73072939.242,21237873.890999995,97.0197357565311,15.419432207508537,0,True,True,False,02.2023
3,2,Оборона,68660352.4,70213576.3,70228661.2,3569192.7,54454771.6,3413866.011,14932884.55,11519018.539,95.64812824479888,4.861072320997057,0,True,True,False,02.2023
4,3,"Общественный порядок, безопасность, правовая, судебная, уголовно-исполнительная деятельность",291862091.0,293717100.0,293716818.0,32546791.0,182445742.2,31955206.198,46546614.097,14591407.899000004,98.18235597481791,10.879597026684388,0,True,True,False,02.2023
5,4,Образование,5005750655.0,5008212970.6,5009675333.1,610413680.2,3938881123.7,603670485.556,1331201317.876,727530832.3199999,98.89530741811183,12.050091980360873,0,True,True,False,02.2023
6,5,Здравоохранение,307894771.0,309020379.0,307204959.3,20707903.3,220910764.0,19855418.137,63611867.106,43756448.969,95.8832859577821,6.463247918341791,0,True,True,False,02.2023
7,6,Социальная помощь и социальное обеспечение,677644184.4,680874662.7,680171941.0,83355215.2,474352780.2,80338295.013,116832684.614,36494389.600999996,96.38064615421926,11.811468567033993,0,True,True,False,02.2023
8,7,Жилищно-коммунальное хозяйство,1230244727.7,1246550081.2,1266825231.1,110898569.2,1079680999.1,103193463.899,444778116.572,341584652.67300004,93.05211477787037,8.145832697805984,0,True,True,False,02.2023
9,8,"Культура, спорт, туризм и информационное пространство",554081353.3,558809868.1,558112574.6,69420149.9,409032180.6,66452518.854,135562727.602,69110208.748,95.72511576210238,11.906651431680535,0,True,True,False,02.2023
10,9,Топливно-энергетический комплекс и недропользование,169350210.0,170805419.4,171093738.4,22231724.5,167743182.4,18863177.929,54906745.852,36043567.92299999,84.8480194552609,11.025054514210089,0,True,True,False,02.2023
11,10,"Сельское, водное, лесное, рыбное хозяйство, особо охраняемые природные территории, охрана окружающей среды и животного мира, земельные отношения",699228597.2,674861087.4,676224283.7,45205506.7,503522640.4,42147108.432,91396031.1,49248922.668,93.23445639422508,6.232711460965239,0,True,True,False,02.2023
12,11,"Промышленность, архитектурная, градостроительная и строительная деятельность",38052685.9,38976617.9,40407289.0,3500643.3,32303555.8,3286000.285,12153849.194,8867848.909,93.868469403895,8.132196854384366,0,True,True,False,02.2023
13,12,Транспорт и коммуникации,827597641.8,853671987.2,855624640.9,71492139.2,769939764.5,69659083.979,246507604.654,176848520.675,97.4360045153048,8.141313450922613,0,True,True,False,02.2023
14,13,Прочие,577036501.1,608423854.3,604453506.8,89720021.4,479490550.6,85366097.394,180217454.161,94851356.76700002,95.14721024576124,14.122855841457746,0,True,True,False,02.2023
15,14,Обслуживание долга,60635388.0,60704192.0,60910285.0,1655998.3,17203296.0,1655952.18,1655952.18,0.0,99.99721497298638,2.718674161514759,0,True,True,False,02.2023
16,15,Трансферты,437012012.0,437393185.1,500573748.1,127598274.1,131277849.1,118882692.658,118882692.658,0.0,93.16951463217323,23.749286315799907,0,True,True,False,02.2023
17,16,Погашение займов,244683007.0,244665634.0,246271982.0,1875204.0,69942497.0,1875125.126,1875125.126,0.0,99.9957938442964,0.7614041641164037,0,True,True,False,02.2023
1,0,Итого,11520467815.0,11590971830.0,11716552571.6,2424894353.0,9148174195.8,2406836475.591,4631450966.771,2224614491.18,99.2553128186117,20.542189870977765,0,True,True,False,03.2023
2,1,Государственные услуги общего характера,330733637.2,334071214.8,345628471.7,85022387.8,253522731.3,84197525.229,113180074.418,28982549.188999996,99.02982897523374,24.36070292903477,0,True,True,False,03.2023
3,2,Оборона,68660352.4,70213576.3,70292286.9,6743790.4,59494272.4,6552901.169,19945040.977,13392139.808000002,97.16940741515334,9.322361610346183,0,True,True,False,03.2023
4,3,"Общественный порядок, безопасность, правовая, судебная, уголовно-исполнительная деятельность",291862091.0,293717100.0,293715318.0,54793293.0,201681424.7,54554784.557,72498317.709,17943533.15200001,99.56471233988437,18.574034520392292,0,True,True,False,03.2023
5,4,Образование,5005750655.0,5008212970.6,5009728439.5,1191394333.8,4011721563.2,1189421140.371,2215858572.073,1026437431.7019999,99.83437948519477,23.7422278419888,0,True,True,False,03.2023
6,5,Здравоохранение,307894771.0,309020379.0,307473035.9,32397107.3,238948236.4,30582351.95,95633335.412,65050983.462,94.39840312533087,9.946352485993716,0,True,True,False,03.2023
7,6,Социальная помощь и социальное обеспечение,677644184.4,680874662.7,679881133.0,139583183.3,493196056.4,139193980.621,178498197.546,39304216.92500001,99.7211679302631,20.473281852491116,0,True,True,False,03.2023
8,7,Жилищно-коммунальное хозяйство,1230244727.7,1246550081.2,1278675344.7,194883200.1,1161619931.8,191639045.754,611182612.053,419543566.29899997,98.33533401322673,14.987310621756137,0,True,True,False,03.2023
9,8,"Культура, спорт, туризм и информационное пространство",554081353.3,558809868.1,557590636.2,116307899.3,422624508.4,115275528.217,213249128.189,97973599.97200002,99.11238093954637,20.673863715252967,0,True,True,False,03.2023
10,9,Топливно-энергетический комплекс и недропользование,169350210.0,170805419.4,175568307.0,27341623.1,173853700.0,25915379.495,87791054.761,61875675.266,94.7836176375352,14.76085287705144,0,True,True,False,03.2023
11,10,"Сельское, водное, лесное, рыбное хозяйство, особо охраняемые природные территории, охрана окружающей среды и животного мира, земельные отношения",699228597.2,674861087.4,676446038.1,109982439.1,526567869.8,108756017.116,162951043.623,54195026.507,98.88489290287072,16.077559922070595,0,True,True,False,03.2023
12,11,"Промышленность, архитектурная, градостроительная и строительная деятельность",38052685.9,38976617.9,52994051.7,11652813.7,45903167.6,11554782.916,28802928.056,17248145.14,99.1587372241264,21.803924299677576,0,True,True,False,03.2023
13,12,Транспорт и коммуникации,827597641.8,853671987.2,867036527.0,132744608.9,797092416.0,130782910.71,385712382.003,254929471.29300004,98.52220123569928,15.083898617572315,0,True,True,False,03.2023
14,13,Прочие,577036501.1,608423854.3,597528666.2,140123211.4,500103347.4,136486209.168,264224361.633,127738152.46499997,97.40442557970093,22.84178431739314,0,True,True,False,03.2023
15,14,Обслуживание долга,60635388.0,60704192.0,60910285.0,3459568.9,18997370.7,3459140.706,3459140.706,0.0,99.98762290873871,5.6790748984346395,0,True,True,False,03.2023
16,15,Трансферты,437012012.0,437393185.1,496177048.7,162445720.7,162445720.7,162445685.446,162445685.446,0.0,99.99997829798174,32.739459810084526,0,True,True,False,03.2023
17,16,Погашение займов,244683007.0,244665634.0,246906982.0,16019172.2,80401879.0,16019092.166,16019092.166,0.0,99.99950038616852,6.487905702885308,0,True,True,False,03.2023
1,0,Итого,11520467815.0,12127366171.5,12862772312.9,3381379618.2,10136023075.0,3334621208.495,5822803495.713,2488182287.2180004,98.6171795247914,25.92459173945517,0,True,True,False,04.2023
2,1,Государственные услуги общего характера,330733637.2,339636272.1,365873730.2,116791883.2,273487585.0,114723255.494,151039874.788,36316619.293999985,98.22879154841814,31.35596956668304,0,True,True,False,04.2023
3,2,Оборона,68660352.4,64322404.6,65034529.2,11129068.9,58991961.6,10677854.055,27817498.889,17139644.834,95.94561908948197,16.418745836019674,0,True,True,False,04.2023
4,3,"Общественный порядок, безопасность, правовая, судебная, уголовно-исполнительная деятельность",291862091.0,302049716.1,302047834.1,77979918.5,224167740.9,76679647.394,100941337.951,24261690.55700001,98.33255646965057,25.386590710865153,0,True,True,False,04.2023
5,4,Образование,5005750655.0,5021817906.2,5059294336.2,1549066324.3,4161099070.2,1544883308.72,2577802873.357,1032919564.6369998,99.72996536595099,30.53554915091876,0,True,True,False,04.2023
6,5,Здравоохранение,307894771.0,316812434.0,348231628.9,57686127.9,265781949.0,56754718.332,105841197.855,49086479.523,98.38538379692496,16.297979167279486,0,True,True,False,04.2023
7,6,Социальная помощь и социальное обеспечение,677644184.4,685798080.7,686687100.0,195203915.9,518706840.0,194437054.217,235376429.191,40939374.97400001,99.60714841223121,28.315233272475922,0,True,True,False,04.2023
8,7,Жилищно-коммунальное хозяйство,1230244727.7,1393049622.5,1636179056.7,291254834.4,1441605433.4,284944565.87,765671192.642,480726626.77199996,97.83342015832991,17.415243441919067,0,True,True,False,04.2023
9,8,"Культура, спорт, туризм и информационное пространство",554081353.3,575217314.2,577232106.8,165502640.8,458905391.8,162533176.148,268935628.115,106402451.96700001,98.20579016887807,28.15733467236165,0,True,True,False,04.2023
10,9,Топливно-энергетический комплекс и недропользование,169350210.0,259466352.6,300788090.7,79379057.6,286346912.5,76841517.721,202573332.29,125731814.56899999,96.80326278023236,25.54672877578793,0,True,True,False,04.2023
11,10,"Сельское, водное, лесное, рыбное хозяйство, особо охраняемые природные территории, охрана окружающей среды и животного мира, земельные отношения",699228597.2,713723882.4,879175983.7,176688241.1,567593896.1,165496124.304,223764187.192,58268062.88800001,93.66561310117653,18.824004223535752,0,True,True,False,04.2023
12,11,"Промышленность, архитектурная, градостроительная и строительная деятельность",38052685.9,41483549.0,62165140.8,14559278.9,50481248.6,14412674.349,31688826.037,17276151.688,98.99305074099513,23.184495624917815,0,True,True,False,04.2023
13,12,Транспорт и коммуникации,827597641.8,962724970.4,1027073039.5,203221950.7,908682153.9,193355011.018,528787394.859,335432383.841,95.1447470866148,18.82582869784306,0,True,True,False,04.2023
14,13,Прочие,577036501.1,688131966.2,746210406.1,195329192.5,595237716.7,191296316.305,354977737.979,163681421.67399997,97.93534384523707,25.63570740118629,0,True,True,False,04.2023
15,14,Обслуживание долга,60635388.0,60262977.6,60469070.6,4175471.6,19433588.9,4175021.174,4175021.174,0.0,99.98921257182063,6.904391174816568,0,True,True,False,04.2023
16,15,Трансферты,437012012.0,455565050.0,496765238.5,215553555.7,215939236.5,215553519.562,215553519.562,0.0,99.99998323479292,43.3914257392227,0,True,True,False,04.2023
17,16,Погашение займов,244683007.0,247303672.9,249545020.9,27858156.2,89562349.9,27857443.832,27857443.832,0.0,99.9974428745575,11.16329379425418,0,True,True,False,04.2023
1,0,Итого,11520467815.0,13290318326.1,13479055871.7,4537178769.2,11175918509.6,4489884571.92,7237243498.845,2747358926.925,98.95762984696461,33.31008206106448,0,True,True,False,05.2023
2,1,Государственные услуги общего характера,330733637.2,379449040.3,408448849.8,155746011.8,332342878.3,153827181.933,204144800.897,50317618.96400002,98.76797495818765,37.66130863346111,0,True,True,False,05.2023
3,2,Оборона,68660352.4,74562755.4,74809662.1,15377547.6,67716943.5,14886691.45,39726536.142,24839844.691999998,96.8079685866165,19.899423459633567,0,True,True,False,05.2023
4,3,"Общественный порядок, безопасность, правовая, судебная, уголовно-исполнительная деятельность",291862091.0,322734671.4,322733671.4,101684535.3,250053536.2,100352172.514,136744867.95,36392695.43599999,98.68970951967364,31.09442286535461,0,True,True,False,05.2023
5,4,Образование,5005750655.0,5093632797.2,5099814853.1,1948420801.8,4324971693.2,1939640403.459,2906117714.695,966477311.2360001,99.54935821189713,38.03354551744089,0,True,True,False,05.2023
6,5,Здравоохранение,307894771.0,355930420.0,364930973.2,72517471.2,286148728.1,71291584.491,134261624.296,62970039.80500001,98.30952915385168,19.535635428766067,0,True,True,False,05.2023
7,6,Социальная помощь и социальное обеспечение,677644184.4,692671637.0,694198886.9,245939997.0,543758589.4,244932744.649,289059477.022,44126732.373000026,99.5904479290532,35.28279132551862,0,True,True,False,05.2023
8,7,Жилищно-коммунальное хозяйство,1230244727.7,1816142470.3,1870722144.0,440971116.2,1747082670.6,427180590.172,1048378415.898,621197825.7260001,96.87269176565628,22.835063536405116,0,True,True,False,05.2023
9,8,"Культура, спорт, туризм и информационное пространство",554081353.3,603547893.5,604531971.0,218627779.2,498736106.4,215446022.592,325850333.034,110404310.44199997,98.54466956594325,35.63848281433572,0,True,True,False,05.2023
10,9,Топливно-энергетический комплекс и недропользование,169350210.0,314365380.0,322141274.9,115472782.0,310159488.9,110521911.092,264277894.957,153755983.865,95.7125213212582,34.308522286164205,0,True,True,False,05.2023
11,10,"Сельское, водное, лесное, рыбное хозяйство, особо охраняемые природные территории, охрана окружающей среды и животного мира, земельные отношения",699228597.2,861319763.0,888484826.5,263041709.5,601182534.4,261774937.53,324166165.441,62391227.91099998,99.51841402931576,29.46307350697339,0,True,True,False,05.2023
12,11,"Промышленность, архитектурная, градостроительная и строительная деятельность",38052685.9,58545416.8,74898513.7,23715438.3,68547510.9,23075459.936,48026830.604,24951370.668,97.30142721418731,30.808969091732457,0,True,True,False,05.2023
13,12,Транспорт и коммуникации,827597641.8,1091348586.1,1129329598.4,313853117.4,1040327523.3,310483194.673,688315901.442,377832706.76900005,98.92627393510797,27.492699661186883,0,True,True,False,05.2023
14,13,Прочие,577036501.1,822850205.9,816233837.5,318088560.2,728545814.8,312751202.391,524452461.429,211701259.03800005,98.32205288815035,38.31637308113926,0,True,True,False,05.2023
15,14,Обслуживание долга,60635388.0,59450523.6,59450523.6,6478791.8,21156279.0,6478117.335,6478117.335,0.0,99.98958964848971,10.896653120478152,0,True,True,False,05.2023
16,15,Трансферты,437012012.0,492510153.0,497069673.0,252008801.7,252059940.0,252008764.725,252008764.725,0.0,99.99998532789341,50.69888154793946,0,True,True,False,05.2023
17,16,Погашение займов,244683007.0,251256612.6,251256612.6,45234308.2,103128272.6,45233592.978,45233592.978,0.0,99.99841885058385,18.002946274696374,0,True,True,False,05.2023
1,0,Итого,11520467815.0,13447823962.0,13622304085.1,5882389711.5,11742917364.2,5854472290.249,8516272361.712,2661800071.4630003,99.5254068053937,42.977107644018815,0,True,True,False,06.2023
2,1,Государственные услуги общего характера,330733637.2,390348474.8,431324368.6,194520085.2,364739558.0,193862678.907,251541823.751,57679144.84399998,99.66203680595551,44.9459137994551,0,True,True,False,06.2023
3,2,Оборона,68660352.4,82792331.9,82873527.6,20611424.5,72348806.8,20487429.426,47524480.315,27037050.889,99.39841579605525,24.72131936374819,0,True,True,False,06.2023
4,3,"Общественный порядок, безопасность, правовая, судебная, уголовно-исполнительная деятельность",291862091.0,324102619.4,324097704.5,127787284.0,262971788.4,127390250.257,167208109.786,39817859.529000014,99.68930105518167,39.306125433233355,0,True,True,False,06.2023
5,4,Образование,5005750655.0,5116421008.6,5129595515.7,2607651040.7,4548718004.4,2601571805.097,3458546169.64,856974364.5429997,99.76686928165941,50.716899551523056,0,True,True,False,06.2023
6,5,Здравоохранение,307894771.0,362351985.0,368508729.5,95180493.9,301662611.4,94815997.884,159117442.911,64301445.02700001,99.61704756818875,25.72964771082852,0,True,True,False,06.2023
7,6,Социальная помощь и социальное обеспечение,677644184.4,696986562.7,697283561.1,308875810.3,568096116.0,308392717.528,349102203.84,40709486.31199998,99.84359643717946,44.22773384209645,0,True,True,False,06.2023
8,7,Жилищно-коммунальное хозяйство,1230244727.7,1871047273.0,1930608512.7,581369736.2,1828562866.6,575619002.07,1225683606.145,650064604.0749999,99.0108301530127,29.815418210550813,0,True,True,False,06.2023
9,8,"Культура, спорт, туризм и информационное пространство",554081353.3,610968946.3,611199590.7,273007256.3,521934786.0,271630267.348,374867835.142,103237567.79400003,99.49562184878819,44.44215465473478,0,True,True,False,06.2023
10,9,Топливно-энергетический комплекс и недропользование,169350210.0,315725894.1,322767899.7,132346301.4,322036021.5,130094452.033,282794668.307,152700216.274,98.29851734186809,40.3058830056885,0,True,True,False,06.2023
11,10,"Сельское, водное, лесное, рыбное хозяйство, особо охраняемые природные территории, охрана окружающей среды и животного мира, земельные отношения",699228597.2,871462561.8,894736887.3,330497756.2,633087288.0,329930290.304,396678514.608,66748224.30399996,99.82829962220482,36.87455999490679,0,True,True,False,06.2023
12,11,"Промышленность, архитектурная, градостроительная и строительная деятельность",38052685.9,59647017.3,77582233.2,33691244.7,72708210.1,33201491.732,53916610.045,20715118.313,98.54634943778137,42.795225611010125,0,True,True,False,06.2023
13,12,Транспорт и коммуникации,827597641.8,1110456892.3,1142589673.6,431152314.6,1077526141.9,428021638.073,802284501.634,374262863.56099993,99.27388154464519,37.46066045953455,0,True,True,False,06.2023
14,13,Прочие,577036501.1,837216150.9,810613655.0,387148142.9,744047334.9,380904963.336,588457089.334,207552125.99799997,98.38739260965212,46.98970477323134,0,True,True,False,06.2023
15,14,Обслуживание долга,60635388.0,59492701.1,59492559.1,19387693.8,30407069.4,19386934.967,19386934.967,0.0,99.99608600688752,32.587159235179044,0,True,True,False,06.2023
16,15,Трансферты,437012012.0,497298554.2,497524678.2,281632261.7,281633496.2,281632223.89,281632223.89,0.0,99.99998657469149,56.60668429733381,0,True,True,False,06.2023
17,16,Погашение займов,244683007.0,241504988.6,241504988.6,57530865.1,112437264.6,57530147.397,57530147.397,0.0,99.99875249051313,23.821515129149592,0,True,True,False,06.2023
1,0,Итого,11520467815.0,13626875225.4,13784274525.3,6897308461.9,12199869843.4,6813951525.78,9400855097.484,2586903571.7039995,98.7914570360242,49.432790338537615,0,True,True,False,07.2023
2,1,Государственные услуги общего характера,330733637.2,391922389.6,451704125.8,241048190.5,400402215.0,237959508.218,297787732.36,59828224.14200002,98.71864531503297,52.680392900232384,0,True,True,False,07.2023
3,2,Оборона,68660352.4,84505113.5,85118104.3,26679918.5,79110821.0,24404279.26,50767549.322,26363270.061999995,91.4705914862521,28.671079391038557,0,True,True,False,07.2023
4,3,"Общественный порядок, безопасность, правовая, судебная, уголовно-исполнительная деятельность",291862091.0,329204940.4,329202230.5,154237716.6,280328349.5,153192039.588,194791317.57,41599277.98199999,99.32203546898204,46.5343261360436,0,True,True,False,07.2023
5,4,Образование,5005750655.0,5124133387.9,5127089943.7,2827611845.0,4589380723.4,2819631774.26,3598583360.547,778951586.2869997,99.71778054494605,54.99477881648382,0,True,True,False,07.2023
6,5,Здравоохранение,307894771.0,354112812.9,359470476.0,117854397.5,307416536.9,114980804.551,178300734.791,63319930.24000001,97.56174312545274,31.98616081922678,0,True,True,False,07.2023
7,6,Социальная помощь и социальное обеспечение,677644184.4,725172535.4,702104564.4,347094220.0,574977376.5,344401058.491,380553139.136,36152080.64499998,99.22408344656387,49.05267334151517,0,True,True,False,07.2023
8,7,Жилищно-коммунальное хозяйство,1230244727.7,1937820766.2,2010711500.9,772761529.3,1935589537.9,751898479.279,1468152539.612,716254060.333,97.3001955674607,37.394647563434546,0,True,True,False,07.2023
9,8,"Культура, спорт, туризм и информационное пространство",554081353.3,622083918.3,626498509.1,328013044.1,549813537.2,324544251.011,413938096.726,89393845.71500003,98.94248318736297,51.80287683002245,0,True,True,False,07.2023
10,9,Топливно-энергетический комплекс и недропользование,169350210.0,319707696.5,326348659.4,160365423.1,324682257.4,154165784.305,295283803.036,141118018.731,96.13405516279276,47.23959479056467,0,True,True,False,07.2023
11,10,"Сельское, водное, лесное, рыбное хозяйство, особо охраняемые природные территории, охрана окружающей среды и животного мира, земельные отношения",699228597.2,897599817.1,905338306.4,427276592.3,703134229.6,417827993.814,477611748.592,59783754.778,97.78864588974116,46.15158674500995,0,True,True,False,07.2023
12,11,"Промышленность, архитектурная, градостроительная и строительная деятельность",38052685.9,51507182.3,79095663.0,40323344.3,75215794.7,38685596.701,56700542.146,18014945.445,95.93846287446947,48.90988359374394,0,True,True,False,07.2023
13,12,Транспорт и коммуникации,827597641.8,1135833414.7,1166092355.4,565586460.1,1130616024.4,554021437.765,915787596.69,361766158.9250001,97.95521584216227,47.51093986676177,0,True,True,False,07.2023
14,13,Прочие,577036501.1,858201437.6,820414291.4,449865556.7,754777559.4,439649900.985,634008319.404,194358418.41900003,97.72917584757163,53.5887667479265,0,True,True,False,07.2023
15,14,Обслуживание долга,60635388.0,59382621.7,59382479.7,19654376.6,30514253.0,19653526.261,19653526.261,0.0,99.99567353868653,33.096506512172475,0,True,True,False,07.2023
16,15,Трансферты,437012012.0,497581311.3,497597435.3,350086014.3,350132239.3,350085976.396,350085976.396,0.0,99.99998917294653,70.35526141426638,0,True,True,False,07.2023
17,16,Погашение займов,244683007.0,238105880.0,238105880.0,68849833.0,113778388.2,68849114.895,68849114.895,0.0,99.99895699819635,28.915335856048575,0,True,True,False,07.2023
1,0,Итого,11520467815.0,13831198548.0,14014815665.4,7938190388.0,12657281970.2,7807098079.88,10193319687.395,2386221607.5150003,98.34858699889374,55.70603471549247,0,True,True,False,08.2023
2,1,Государственные услуги общего характера,330733637.2,404142195.5,477776435.5,290007971.3,435688519.4,281997864.26,343954469.049,61956604.789000034,97.237970044722,59.02297461884765,0,True,True,False,08.2023
3,2,Оборона,68660352.4,86120882.1,86667817.8,34398659.8,82725664.3,29734558.418,56216688.098,26482129.679999996,86.44103750228084,34.308650168875026,0,True,True,False,08.2023
4,3,"Общественный порядок, безопасность, правовая, судебная, уголовно-исполнительная деятельность",291862091.0,336637906.9,336637029.9,181949212.1,293339430.0,179819311.445,226396636.455,46577325.01000002,98.82939825327225,53.41637891066719,0,True,True,False,08.2023
5,4,Образование,5005750655.0,5131253908.8,5162309997.2,3085353054.6,4705281971.9,3070872123.018,3774453669.504,703581546.4860001,99.53065560648206,59.4863951348063,0,True,True,False,08.2023
6,5,Здравоохранение,307894771.0,367534799.2,371433008.3,140866119.9,320930667.4,136922903.135,200844503.308,63921600.17300001,97.2007344506974,36.86341818721984,0,True,True,False,08.2023
7,6,Социальная помощь и социальное обеспечение,677644184.4,744573208.6,727161434.6,406341040.2,605317049.8,402682516.086,438101482.102,35418966.01599997,99.09964198738102,55.377320210540226,0,True,True,False,08.2023
8,7,Жилищно-коммунальное хозяйство,1230244727.7,1998776097.2,2067834702.7,958415487.7,2001128765.1,921939150.932,1595507076.074,673567925.1419998,96.1940998203675,44.584760557902015,0,True,True,False,08.2023
9,8,"Культура, спорт, туризм и информационное пространство",554081353.3,638090825.4,642490038.0,381913257.5,581481991.1,375730030.684,456007626.995,80277596.31099999,98.3809865998171,58.480288947919846,0,True,True,False,08.2023
10,9,Топливно-энергетический комплекс и недропользование,169350210.0,325257202.6,331692189.6,187650376.2,331358343.4,180348720.237,299648273.929,119299553.69200003,96.10890417015855,54.37231442033327,0,True,True,False,08.2023
11,10,"Сельское, водное, лесное, рыбное хозяйство, особо охраняемые природные территории, охрана окружающей среды и животного мира, земельные отношения",699228597.2,899125184.2,906881168.8,497633692.0,706653256.6,490543896.871,548209791.202,57665894.33100003,98.57529840865357,54.091309175610704,0,True,True,False,08.2023
12,11,"Промышленность, архитектурная, градостроительная и строительная деятельность",38052685.9,52741868.0,81374621.8,46206513.2,78596180.5,44040163.342,61758444.969,17718281.626999997,95.31159200733632,54.12026792608701,0,True,True,False,08.2023
13,12,Транспорт и коммуникации,827597641.8,1180766531.6,1202784513.6,703539787.0,1186108415.2,686244674.72,1015952082.115,329707407.395,97.54170089601486,57.05466498450601,0,True,True,False,08.2023
14,13,Прочие,577036501.1,891417590.2,844954331.7,529775958.0,787422722.6,512084642.795,682131419.658,170046776.86299998,96.66060436721442,60.605008292544625,0,True,True,False,08.2023
15,14,Обслуживание долга,60635388.0,59216705.3,59216705.3,31924210.0,38737223.0,31923230.577,31923230.577,0.0,99.99693203684602,53.909163664666096,0,True,True,False,08.2023
16,15,Трансферты,437012012.0,498037899.5,498078299.5,387575438.3,387611426.5,387575399.915,387575399.915,0.0,99.99999009612164,77.81415096864706,0,True,True,False,08.2023
17,16,Погашение займов,244683007.0,217505742.9,217523371.1,74639610.2,114900343.4,74638893.445,74638893.445,0.0,99.99903971229473,34.31304556726778,0,True,True,False,08.2023
1,0,Итого,11520467815.0,13892731430.4,14014930774.9,9012542425.8,13050884620.8,8963486173.064,11081704495.47,2118218322.4060001,99.45568907841623,63.95669245200361,0,True,True,False,09.2023
2,1,Государственные услуги общего характера,330733637.2,406795832.0,480685760.2,327366372.1,447877257.9,323044555.085,375931701.426,52887146.34100002,98.67982255254982,67.20493549685976,0,True,True,False,09.2023
3,2,Оборона,68660352.4,87066108.7,87305970.4,37432969.6,85040709.9,36143951.122,64653173.926,28509222.803999998,96.55646214613975,41.399174599862185,0,True,True,False,09.2023
4,3,"Общественный порядок, безопасность, правовая, судебная, уголовно-исполнительная деятельность",291862091.0,337429754.5,337406623.4,208862763.3,308364724.2,208648446.509,255112177.649,46463731.139999986,99.8973887026994,61.838870976058026,0,True,True,False,09.2023
5,4,Образование,5005750655.0,5131008762.7,5134697611.3,3475639788.1,4833356190.3,3467616335.65,4128069791.572,660453455.9219999,99.7691517838681,67.53301943270756,0,True,True,False,09.2023
6,5,Здравоохранение,307894771.0,371434621.2,371584320.3,162927128.5,325668928.6,162390133.721,215452720.458,53062586.73700002,99.670408001452,43.702095284831636,0,True,True,False,09.2023
7,6,Социальная помощь и социальное обеспечение,677644184.4,733858094.2,724384214.8,456947337.7,626719951.0,456303618.484,489115985.19,32812366.70599997,99.85912616993457,62.991932894338944,0,True,True,False,09.2023
8,7,Жилищно-коммунальное хозяйство,1230244727.7,2040751302.4,2095833618.0,1129506973.4,2067705650.7,1117970744.318,1705056910.484,587086166.1659999,98.97864914925898,53.34253323910563,0,True,True,False,09.2023
9,8,"Культура, спорт, туризм и информационное пространство",554081353.3,642306084.0,647199247.4,430772634.3,600181718.0,429280475.766,500242079.908,70961604.14200002,99.65360879146263,66.32895163128708,0,True,True,False,09.2023
10,9,Топливно-энергетический комплекс и недропользование,169350210.0,332334461.4,331435553.0,210066835.0,331257147.0,205906640.988,304922695.08,99016054.09199998,98.01958552286466,62.12569506325713,0,True,True,False,09.2023
11,10,"Сельское, водное, лесное, рыбное хозяйство, особо охраняемые природные территории, охрана окружающей среды и животного мира, земельные отношения",699228597.2,907232968.5,913108848.5,607558546.2,777472149.6,606191674.281,655762174.946,49570500.66499996,99.77502218879988,66.38766837894683,0,True,True,False,09.2023
12,11,"Промышленность, архитектурная, градостроительная и строительная деятельность",38052685.9,53072627.3,82619641.0,51051111.0,80532637.9,49743584.47,64975377.911,15231793.441,97.43878927532057,60.20794071230593,0,True,True,False,09.2023
13,12,Транспорт и коммуникации,827597641.8,1193496544.4,1209653759.6,808897018.4,1201039119.4,801832036.418,1079021332.038,277189295.6200001,99.12659067578534,66.2860781487708,0,True,True,False,09.2023
14,13,Прочие,577036501.1,888905843.9,831919153.6,570897100.0,795710209.0,563799392.074,708773790.704,144974398.63,98.75674479236277,67.7709353888832,0,True,True,False,09.2023
15,14,Обслуживание долга,60635388.0,59216868.3,59216868.3,33721114.9,40490805.0,33720139.885,33720139.885,0.0,99.99710859204124,56.94347042158594,0,True,True,False,09.2023
16,15,Трансферты,437012012.0,498168373.2,498208773.2,420144935.2,420171848.2,420144896.784,420144896.784,0.0,99.99999085648861,84.33109157942063,0,True,True,False,09.2023
17,16,Погашение займов,244683007.0,209653183.7,209670811.9,80749798.1,109295574.1,80749547.509,80749547.509,0.0,99.99968966981233,38.512536283549345,0,True,True,False,09.2023
1,0,Итого,11520467815.0,14001487427.5,14133415434.1,10424782932.6,13449670337.7,10130648247.41,11886541709.122,1755893461.712,97.17850542220698,71.67869857534622,0,True,True,False,10.2023
2,1,Государственные услуги общего характера,330733637.2,415487399.7,493865990.8,379609648.4,469922905.7,367792393.129,411473789.74,43681396.611,96.88699817804736,74.47210376507667,0,True,True,False,10.2023
3,2,Оборона,68660352.4,88674947.3,89458695.8,51201679.6,88037582.4,45876891.615,69779114.97,23902223.354999997,89.60036462358552,51.28276374335429,0,True,True,False,10.2023
4,3,"Общественный порядок, безопасность, правовая, судебная, уголовно-исполнительная деятельность",291862091.0,343848910.7,343825779.6,244470858.3,322388062.9,237531398.507,281208468.904,43677070.396999985,97.16143681040121,69.08481347249158,0,True,True,False,10.2023
5,4,Образование,5005750655.0,5137190040.9,5140923067.1,3892942324.6,4933684492.8,3868501669.99,4419873870.183,551372200.1929998,99.37218040823372,75.24916478028965,0,True,True,False,10.2023
6,5,Здравоохранение,307894771.0,371458808.4,371438239.5,215529531.1,329147161.9,196588534.197,231207016.647,34618482.45000002,91.21187857351582,52.926304642632246,0,True,True,False,10.2023
7,6,Социальная помощь и социальное обеспечение,677644184.4,732984588.9,721699614.2,523515910.0,650181276.7,519825889.118,544022157.807,24196268.68900007,99.29514637253335,72.02801260940454,0,True,True,False,10.2023
8,7,Жилищно-коммунальное хозяйство,1230244727.7,2068996348.3,2133021278.1,1402486682.6,2096779633.8,1286790894.119,1782491555.502,495700661.38300014,91.75066758805029,60.32714756906765,0,True,True,False,10.2023
9,8,"Культура, спорт, туризм и информационное пространство",554081353.3,649262004.6,650475556.7,492486148.8,614754863.3,481520128.951,535806770.816,54286641.86500001,97.77333436164245,74.02586061709272,0,True,True,False,10.2023
10,9,Топливно-энергетический комплекс и недропользование,169350210.0,339330267.1,336302466.9,239773402.4,334302326.9,234068858.906,309709749.498,75640890.59200004,97.62086059717188,69.60069638014302,0,True,True,False,10.2023
11,10,"Сельское, водное, лесное, рыбное хозяйство, особо охраняемые природные территории, охрана окружающей среды и животного мира, земельные отношения",699228597.2,912103499.0,919191741.7,742974879.0,866085923.1,717957584.687,773473760.554,55516175.866999984,96.63282097146114,78.10748858112811,0,True,True,False,10.2023
12,11,"Промышленность, архитектурная, градостроительная и строительная деятельность",38052685.9,55303988.5,92157845.6,59038306.9,89896865.1,56532636.438,79057555.708,22524919.270000003,95.75585650475354,61.34327041820518,0,True,True,False,10.2023
13,12,Транспорт и коммуникации,827597641.8,1220293557.5,1234402152.3,942502460.8,1227076368.9,904685742.072,1126727862.369,222042120.29699993,95.98762652609936,73.28938469414884,0,True,True,False,10.2023
14,13,Прочие,577036501.1,899915487.1,839975026.3,645238048.1,805176838.4,619996033.514,728730444.257,108734410.74299991,96.08795317320036,73.8112460610902,0,True,True,False,10.2023
15,14,Обслуживание долга,60635388.0,58080927.9,58080927.9,49562376.7,50814874.0,49529210.147,49529210.147,0.0,99.93308118938533,85.27620328703462,0,True,True,False,10.2023
16,15,Трансферты,437012012.0,498312277.7,498352677.7,451304249.2,451326241.7,451304208.885,451304208.885,0.0,99.9999910670019,90.55920216338792,0,True,True,False,10.2023
17,16,Погашение займов,244683007.0,210244373.9,210244373.9,92146426.1,120094920.1,92146173.135,92146173.135,0.0,99.99972547497424,43.828127918813244,0,True,True,False,10.2023
1,0,Итого,11520467815.0,13971399714.2,14155426980.9,12222814186.7,13771078503.8,11692035291.499,12736385624.675,1044350333.1759987,95.657473908271,82.59754585485221,0,True,True,False,11.2023
2,1,Государственные услуги общего характера,330733637.2,427581352.5,507066515.1,437194418.0,492074534.6,416030718.034,448352283.646,32321565.61200005,95.15920169730985,82.04657685825565,0,True,True,False,11.2023
3,2,Оборона,68660352.4,87450153.8,88047066.1,67411911.4,87405510.7,57154270.104,76140765.56,18986495.456,84.7836367743164,64.91331583847064,0,True,True,False,11.2023
4,3,"Общественный порядок, безопасность, правовая, судебная, уголовно-исполнительная деятельность",291862091.0,344598057.8,344609523.7,282781088.7,332588307.7,271251408.148,308996305.038,37744896.889999986,95.92275402679714,78.71268479049293,0,True,True,False,11.2023
5,4,Образование,5005750655.0,5137934644.5,5141808014.9,4574626987.2,5017677807.7,4496317803.994,4717112269.003,220794465.00899982,98.28818429513244,87.4462405240435,0,True,True,False,11.2023
6,5,Здравоохранение,307894771.0,369146790.7,371379363.3,285687748.4,348572212.7,245974822.172,277534312.07,31559489.898000002,86.09918470413483,66.23276532823976,0,True,True,False,11.2023
7,6,Социальная помощь и социальное обеспечение,677644184.4,705812632.0,701652671.7,587842877.6,664433958.5,578372619.635,594695915.452,16323295.817000031,98.38898142243987,82.43004594191727,0,True,True,False,11.2023
8,7,Жилищно-коммунальное хозяйство,1230244727.7,2062499417.2,2112389121.5,1735492438.0,2096484044.0,1533711712.839,1873240688.415,339528975.576,88.37328698513177,72.60554872342443,0,True,True,False,11.2023
9,8,"Культура, спорт, туризм и информационное пространство",554081353.3,644204849.3,645893805.4,553163410.7,628137463.9,537893984.105,575341292.79,37447308.68499994,97.23961738979132,83.27901268102177,0,True,True,False,11.2023
10,9,Топливно-энергетический комплекс и недропользование,169350210.0,338119060.5,341140617.6,291211715.6,341029712.6,276146454.695,325226178.955,49079724.25999999,94.82669820684919,80.94798462808434,0,True,True,False,11.2023
11,10,"Сельское, водное, лесное, рыбное хозяйство, особо охраняемые природные территории, охрана окружающей среды и животного мира, земельные отношения",699228597.2,910533806.6,967153843.2,861799432.4,924441176.2,843712458.274,868348425.462,24635967.187999964,97.90125481103765,87.23663398600866,0,True,True,False,11.2023
12,11,"Промышленность, архитектурная, градостроительная и строительная деятельность",38052685.9,56066541.5,92999575.2,79941011.4,91657621.2,68288607.587,83841480.973,15552873.386000007,85.42374732451783,73.42894571307676,0,True,True,False,11.2023
13,12,Транспорт и коммуникации,827597641.8,1223308098.1,1233792293.5,1059372908.7,1229419736.8,999035301.329,1145714553.862,146679252.533,94.3044033998337,80.97272989888391,0,True,True,False,11.2023
14,13,Прочие,577036501.1,892554281.8,835904541.8,721523745.0,813346909.4,683415259.772,757111282.638,73696022.86600006,94.71833248842005,81.75757225823462,0,True,True,False,11.2023
15,14,Обслуживание долга,60635388.0,58174341.9,58174341.9,51930648.4,52948533.2,51896328.823,51896328.823,0.0,99.93391267381134,89.20827830284402,0,True,True,False,11.2023
16,15,Трансферты,437012012.0,498891146.6,498891146.6,473198853.7,473211870.4,473198813.382,473198813.382,0.0,99.99999147969196,94.85011241568503,0,True,True,False,11.2023
17,16,Погашение займов,244683007.0,214524539.4,214524539.4,159634991.5,177649104.2,159634728.606,159634728.606,0.0,99.99983531555486,74.41327181145786,0,True,True,False,11.2023
1,0,Итого,11520467815.0,13684153912.3,13875604996.6,13875604996.6,13875604996.6,13713569461.872,13779525450.517,65955988.64500046,98.83222724509882,98.83222724509882,0,True,True,False,12.2023
2,1,Государственные услуги общего характера,330733637.2,423757883.6,502571935.5,502571935.5,502571935.5,498739232.955,499192548.437,453315.4819999933,99.23738229808099,99.23738229808099,0,True,True,False,12.2023
3,2,Оборона,68660352.4,76858120.4,76607838.2,76607838.2,76607838.2,74063282.447,75661477.079,1598194.6319999993,96.67846552939278,96.67846552939278,0,True,True,False,12.2023
4,3,"Общественный порядок, безопасность, правовая, судебная, уголовно-исполнительная деятельность",291862091.0,343100173.2,342340519.0,342340519.0,342340519.0,338676195.189,341855750.179,3179554.9900000095,98.92962602799584,98.92962602799584,0,True,True,False,12.2023
5,4,Образование,5005750655.0,5054489011.8,5089698212.2,5089698212.2,5089698212.2,5068868507.841,5078828816.117,9960308.276000023,99.5907477518201,99.5907477518201,0,True,True,False,12.2023
6,5,Здравоохранение,307894771.0,357155479.7,361224335.3,361224335.3,361224335.3,345095347.51,348325321.095,3229973.585000038,95.53491107496819,95.53491107496819,0,True,True,False,12.2023
7,6,Социальная помощь и социальное обеспечение,677644184.4,671062827.3,671739923.7,671739923.7,671739923.7,668043231.71,669965536.229,1922304.5189999342,99.4496840429495,99.4496840429495,0,True,True,False,12.2023
8,7,Жилищно-коммунальное хозяйство,1230244727.7,1962495583.0,2002007219.6,2002007219.6,2002007219.6,1949718386.854,1972714865.257,22996478.402999878,97.38817961123802,97.38817961123802,0,True,True,False,12.2023
9,8,"Культура, спорт, туризм и информационное пространство",554081353.3,635198591.3,634857135.6,634857135.6,634857135.6,629748288.859,631603873.28,1855584.4210000038,99.19527615671016,99.19527615671016,0,True,True,False,12.2023
10,9,Топливно-энергетический комплекс и недропользование,169350210.0,338345245.1,334729881.5,334729881.5,334729881.5,326774665.968,330667487.858,3892821.8899999857,97.62339248102056,97.62339248102056,0,True,True,False,12.2023
11,10,"Сельское, водное, лесное, рыбное хозяйство, особо охраняемые природные территории, охрана окружающей среды и животного мира, земельные отношения",699228597.2,899427823.9,970142377.8,970142377.8,970142377.8,961695941.255,963848532.827,2152591.5720000267,99.12936113932534,99.12936113932534,0,True,True,False,12.2023
12,11,"Промышленность, архитектурная, градостроительная и строительная деятельность",38052685.9,53174666.0,88631523.9,88631523.9,88631523.9,87139546.818,87247336.594,107789.77599999309,98.31665189049062,98.31665189049062,0,True,True,False,12.2023
13,12,Транспорт и коммуникации,827597641.8,1194196965.7,1213903261.3,1213903261.3,1213903261.3,1202677232.722,1206984728.689,4307495.967000008,99.07521225653699,99.07521225653699,0,True,True,False,12.2023
14,13,Прочие,577036501.1,874457264.1,790488362.4,790488362.4,790488362.4,766289438.779,776589013.911,10299575.13199997,96.93873752327869,96.93873752327869,0,True,True,False,12.2023
15,14,Обслуживание долга,60635388.0,58449417.7,58441273.7,58441273.7,58441273.7,57826317.85,57826317.85,0.0,98.94773708534008,98.94773708534008,0,True,True,False,12.2023
16,15,Трансферты,437012012.0,504391543.2,507205035.6,507205035.6,507205035.6,507204993.741,507204993.741,0.0,99.99999174712451,99.99999174712451,0,True,True,False,12.2023
17,16,Погашение займов,244683007.0,237593316.3,231016161.3,231016161.3,231016161.3,231008851.374,231008851.374,0.0,99.99683575124837,99.99683575124837,0,True,True,False,12.2023
1,0,Итого,13712461188.0,13713273122.0,13716840730.3,475768359.5,9316183452.9,451353578.236,1906796433.499,1455442855.263,94.8683470061653,3.2905068091880403,0,True,True,False,01.2024
2,1,Государственные услуги общего характера,393830080.8,393957937.8,396597788.6,27557142.9,262711079.1,24755678.578,50222681.484,25467002.905999996,89.83398122161643,6.24201124907634,0,True,True,False,01.2024
3,2,Оборона,81304610.9,81304610.9,81304610.9,1023475.5,62890031.8,905276.207,3451656.758,2546380.551,88.45118490867637,1.1134377214023419,0,True,True,False,01.2024
4,3,"Общественный порядок, безопасность, правовая, судебная, уголовно-исполнительная деятельность",327951998.0,327951998.0,327951998.0,15352576.8,194052123.0,13993687.498,27965535.205,13971847.706999999,91.14878681473196,4.2669926035943835,0,True,True,False,01.2024
5,4,Образование,5695217365.0,5695217365.0,5695229020.3,245781817.6,4188029448.3,237221877.403,1185526110.855,948304233.452,96.51726060105432,4.165273715200028,0,True,True,False,01.2024
6,5,Здравоохранение,374473772.0,374473772.0,374706293.0,3036579.6,229053965.0,2818630.904,27456142.262,24637511.358,92.82255943496426,0.752224063661509,0,True,True,False,01.2024
7,6,Социальная помощь и социальное обеспечение,774670661.8,774692661.8,774909661.8,16865482.3,461798779.7,16315660.147,40666652.289,24350992.141999997,96.73995594540453,2.1054918981266986,0,True,True,False,01.2024
8,7,Жилищно-коммунальное хозяйство,1573270307.7,1573712228.2,1577774745.2,20456846.9,1186119361.5,16648017.229,161530894.02,144882876.791,81.38114984377187,1.055158049629555,0,True,True,False,01.2024
9,8,"Культура, спорт, туризм и информационное пространство",679968108.0,680051951.6,679903738.6,27274046.4,458066075.9,25695583.724,75476210.369,49780626.645,94.21258344709716,3.7792973130152454,0,True,True,False,01.2024
10,9,Топливно-энергетический комплекс и недропользование,259641243.0,259641243.0,259901322.0,8374672.0,143913472.0,6323972.698,35695768.506,29371795.808,75.51307917492171,2.433220673652441,0,True,True,False,01.2024
11,10,"Сельское, водное, лесное, рыбное хозяйство, особо охраняемые природные территории, охрана окружающей среды и животного мира, земельные отношения",939043225.7,939050225.7,939175041.7,13742071.2,540831245.0,13307077.04,47811407.408,34504330.368,96.83458080176443,1.4168899778163684,0,True,True,False,01.2024
12,11,"Промышленность, архитектурная, градостроительная и строительная деятельность",47160073.7,47167173.7,47199710.7,1659704.9,37762170.8,1387275.203,5045527.428,3658252.2250000006,83.58565447387666,2.939160394048771,0,True,True,False,01.2024
13,12,Транспорт и коммуникации,1054934016.0,1055056228.9,1062049677.6,19562783.7,896871981.7,18873932.708,117368595.853,98494663.145,96.47876803954031,1.777123340468495,0,True,True,False,01.2024
14,13,Прочие,627756436.4,627756436.4,616185121.6,22563361.4,415709573.8,20589111.572,76061453.737,55472342.16500001,91.25019631161872,3.3413840825201775,0,True,True,False,01.2024
15,14,Обслуживание долга,52055142.0,52055142.0,52055142.0,599168.0,21638593.0,599167.508,599167.508,0.0,99.99991788613545,1.151024634607663,0,True,True,False,01.2024
16,15,Трансферты,472619541.0,472619541.0,473332252.3,22324721.3,24079478.3,22324721.196,22324721.196,0.0,99.99999953414871,4.7165011654119215,0,True,True,False,01.2024
17,16,Погашение займов,358564606.0,358564606.0,358564606.0,29593909.0,192656074.0,29593908.621,29593908.621,0.0,99.99999871933106,8.253438327652452,0,True,True,False,01.2024
1,0,Итого,13712461188.0,13745301757.5,13807564883.8,1540712523.4,10503269145.0,1467142838.178,3962984429.957,2495841591.779,95.22495701796149,10.62564507590585,0,True,True,False,02.2024
2,1,Государственные услуги общего характера,393830080.8,395450934.7,402743658.1,78898478.0,295349885.8,68813084.335,113778370.41,44965286.075,87.21725194115912,17.086075212117656,0,True,True,False,02.2024
3,2,Оборона,81304610.9,81717666.9,81727638.9,4573322.0,68311941.3,3899050.333,12991374.651,9092324.318,85.25641389344551,4.770785483930088,0,True,True,False,02.2024
4,3,"Общественный порядок, безопасность, правовая, судебная, уголовно-исполнительная деятельность",327951998.0,330673016.8,330673016.8,38670816.0,215021832.5,36699208.73,54319167.318,17619958.588000007,94.90156279608891,11.098337894378805,0,True,True,False,02.2024
5,4,Образование,5695217365.0,5700765589.2,5700883289.6,660711274.5,4375696439.8,647502312.153,1847054525.235,1199552213.0819998,98.00079658743587,11.35792962704963,0,True,True,False,02.2024
6,5,Здравоохранение,374473772.0,359503651.3,360682981.1,27352092.2,277293986.2,22340012.379,88065563.313,65725550.93399999,81.6756985741661,6.193808288616254,0,True,True,False,02.2024
7,6,Социальная помощь и социальное обеспечение,774670661.8,775017142.5,775442707.2,69746583.1,507663305.5,67902946.879,109257979.289,41355032.41000001,97.35666445715819,8.756668448683554,0,True,True,False,02.2024
8,7,Жилищно-коммунальное хозяйство,1573270307.7,1591109264.3,1608096065.2,112490368.7,1510385708.2,102396306.397,508807019.345,406410712.948,91.02673195967576,6.3675490919297095,0,True,True,False,02.2024
9,8,"Культура, спорт, туризм и информационное пространство",679968108.0,687699423.2,689552167.4,84013915.8,541195726.7,80829667.976,191206539.409,110376871.43300001,96.20985667233951,11.722052630299657,0,True,True,False,02.2024
10,9,Топливно-энергетический комплекс и недропользование,259641243.0,261596966.9,263100825.4,26943568.6,240930560.8,25875733.021,126629325.535,100753592.514,96.0367700550253,9.834911381087595,0,True,True,False,02.2024
11,10,"Сельское, водное, лесное, рыбное хозяйство, особо охраняемые природные территории, охрана окружающей среды и животного мира, земельные отношения",939043225.7,932002737.1,933465117.7,109405854.1,590596006.8,98903516.654,164915101.067,66011584.413,90.40057085391375,10.595309324219002,0,True,True,False,02.2024
12,11,"Промышленность, архитектурная, градостроительная и строительная деятельность",47160073.7,47737195.0,47793384.2,5844534.4,40738875.1,5502995.295,11985670.405,6482675.109999999,94.15626495414244,11.51413608203957,0,True,True,False,02.2024
13,12,Транспорт и коммуникации,1054934016.0,1060717750.6,1073587243.3,89653268.2,1008485807.0,86357927.814,358553259.568,272195331.754,96.32434996273787,8.04386679824477,0,True,True,False,02.2024
14,13,Прочие,627756436.4,634099503.8,619979593.7,83876199.5,508883317.9,73962874.892,229263333.092,155300458.2,88.18100406659461,11.929888603364205,0,True,True,False,02.2024
15,14,Обслуживание долга,52055142.0,52106850.8,52106850.8,1074369.2,22001999.3,1073994.874,1073994.874,0.0,99.96515853209493,2.061139480722562,0,True,True,False,02.2024
16,15,Трансферты,472619541.0,472877498.5,503152805.6,88862053.6,90546368.6,86487897.277,86487897.277,0.0,97.32826754861313,17.189191099484148,0,True,True,False,02.2024
17,16,Погашение займов,358564606.0,362226565.9,364577538.8,58595825.5,210167383.5,58595309.169,58595309.169,0.0,99.99911882630616,16.072111672558144,0,True,True,False,02.2024
1,0,Итого,13712461188.0,14068183300.3,14134410192.3,2623400217.3,11099286379.2,2597389109.672,5346592999.355,2749203889.6829996,99.00849639881592,18.376352987738954,0,True,True,False,03.2024
2,1,Государственные услуги общего характера,393830080.8,405575917.0,418645338.3,115729110.6,316457238.2,114503621.767,158233949.468,43730327.70099999,98.94107124245022,27.35098454266008,0,True,True,False,03.2024
3,2,Оборона,81304610.9,91267067.5,91712892.1,9220658.6,74519015.5,8887899.403,28498764.061,19610864.658,96.39115586602459,9.691003303340382,0,True,True,False,03.2024
4,3,"Общественный порядок, безопасность, правовая, судебная, уголовно-исполнительная деятельность",327951998.0,346605068.3,346798388.3,65544018.3,238224205.6,64965409.205,93992783.668,29027374.463,99.11722059463663,18.73290401476759,0,True,True,False,03.2024
5,4,Образование,5695217365.0,5733907345.6,5734124389.0,1054375100.6,4518287813.1,1049210592.141,2167609670.422,1118399078.281,99.51018300260874,18.29766013018034,0,True,True,False,03.2024
6,5,Здравоохранение,374473772.0,376420629.0,377695900.8,46147920.0,300383244.4,45504539.188,121918813.908,76414274.72,98.60582922913969,12.047930383045344,0,True,True,False,03.2024
7,6,Социальная помощь и социальное обеспечение,774670661.8,780064642.9,780785304.5,124810503.8,532092102.3,124370600.748,171191185.769,46820585.021,99.64754324467361,15.928911575461138,0,True,True,False,03.2024
8,7,Жилищно-коммунальное хозяйство,1573270307.7,1704254711.0,1735828828.8,187829150.0,1588540782.9,182732303.658,725359339.803,542627036.145,97.28644550539678,10.527092339186757,0,True,True,False,03.2024
9,8,"Культура, спорт, туризм и информационное пространство",679968108.0,705721973.0,706848156.3,143778917.2,566275772.7,141981802.249,284006713.104,142024910.85499996,98.75008451447708,20.0866057276296,0,True,True,False,03.2024
10,9,Топливно-энергетический комплекс и недропользование,259641243.0,264598463.6,265312785.2,44541454.3,245989884.2,43330856.986,166560363.482,123229506.49599999,97.28208848807168,16.331989788330787,0,True,True,False,03.2024
11,10,"Сельское, водное, лесное, рыбное хозяйство, особо охраняемые природные территории, охрана окружающей среды и животного мира, земельные отношения",939043225.7,947146162.0,950439677.3,177908806.1,612372023.8,177550988.56,261022785.517,83471796.95699999,99.79887586913553,18.680931867699925,0,True,True,False,03.2024
12,11,"Промышленность, архитектурная, градостроительная и строительная деятельность",47160073.7,57748242.4,59469054.2,10202339.2,44926318.3,10019109.066,21012927.525,10993818.458999999,98.20403801120433,16.847601161277588,0,True,True,False,03.2024
13,12,Транспорт и коммуникации,1054934016.0,1109285662.9,1123274458.6,158213289.6,1060677692.6,153211112.759,483685807.269,330474694.51,96.8383333323979,13.639686328304448,0,True,True,False,03.2024
14,13,Прочие,627756436.4,659316005.5,635567046.0,122177081.4,524615184.9,118202120.905,300581742.322,182379621.41700003,96.74655798824803,18.597899568411545,0,True,True,False,03.2024
15,14,Обслуживание долга,52055142.0,52109887.8,52468816.8,4998689.9,23858542.0,4997039.081,4997039.081,0.0,99.9669749667808,9.523826504507722,0,True,True,False,03.2024
16,15,Трансферты,472619541.0,482140001.6,501091463.2,185362166.2,186715604.2,185362134.448,185362134.448,0.0,99.99998287029084,36.9916767817728,0,True,True,False,03.2024
17,16,Погашение займов,358564606.0,352021520.2,354347692.9,172561011.5,265350954.5,172558979.508,172558979.508,0.0,99.99882245011062,48.6976444225637,0,True,True,False,03.2024
1,0,Итого,13712461188.0,14667683946.8,14763879160.9,3667623762.6,12030532547.8,3582347296.09,7007423980.498,3425076684.408,97.67488510191278,24.26426860480767,0,True,True,False,04.2024
2,1,Государственные услуги общего характера,393830080.8,433677842.2,466754365.3,161640265.9,369181591.8,151902092.649,203910928.712,52008836.06300002,93.9754038408817,32.544332510177384,0,True,True,False,04.2024
3,2,Оборона,81304610.9,97280769.0,97945144.7,18718309.4,83675115.8,17482498.793,38126202.344,20643703.550999995,93.3978513732656,17.849275578230884,0,True,True,False,04.2024
4,3,"Общественный порядок, безопасность, правовая, судебная, уголовно-исполнительная деятельность",327951998.0,359501262.5,359694582.5,91056107.4,267914896.7,90038518.687,125460440.902,35421922.21499999,98.88245968111745,25.03193627805056,0,True,True,False,04.2024
5,4,Образование,5695217365.0,5785745680.8,5786234641.3,1464584961.1,4714842622.6,1453815985.861,2976469505.35,1522653519.4889998,99.26470805552232,25.125423975795936,0,True,True,False,04.2024
6,5,Здравоохранение,374473772.0,391365823.5,389782632.3,70882926.5,310954115.5,66731266.93,153812559.799,87081292.86899999,94.14293430731871,17.120123217455113,0,True,True,False,04.2024
7,6,Социальная помощь и социальное обеспечение,774670661.8,787860417.4,791887237.6,194891095.1,569340053.5,191603558.159,242504135.941,50900577.782000005,98.3131415320371,24.195813376118995,0,True,True,False,04.2024
8,7,Жилищно-коммунальное хозяйство,1573270307.7,1922447763.5,1985142316.5,316135068.9,1880865973.6,289257317.077,933174720.886,643917403.809,91.498016364802,14.5711123415569,0,True,True,False,04.2024
9,8,"Культура, спорт, туризм и информационное пространство",679968108.0,731576697.5,732852963.6,206188639.1,608477328.6,203852511.835,362244059.504,158391547.669,98.8669951578336,27.816290846886055,0,True,True,False,04.2024
10,9,Топливно-энергетический комплекс и недропользование,259641243.0,279891480.0,282002731.5,57938611.5,266521141.4,55282928.969,188959120.314,133676191.34500001,95.4163856153163,19.603685636286112,0,True,True,False,04.2024
11,10,"Сельское, водное, лесное, рыбное хозяйство, особо охраняемые природные территории, охрана окружающей среды и животного мира, земельные отношения",939043225.7,972624049.9,974264826.5,251616346.6,638916502.5,246665979.289,338306953.674,91640974.38500002,98.03257324975404,25.318165305745026,0,True,True,False,04.2024
12,11,"Промышленность, архитектурная, градостроительная и строительная деятельность",47160073.7,61672030.6,63685586.8,15082146.9,53683695.7,13772830.284,28074092.209,14301261.924999999,91.31876499624865,21.626290933382748,0,True,True,False,04.2024
13,12,Транспорт и коммуникации,1054934016.0,1220325855.9,1261831223.2,239973948.7,1192720263.2,231789814.184,634361079.611,402571265.4269999,96.58957375984536,18.369319915557465,0,True,True,False,04.2024
14,13,Прочие,627756436.4,731683444.0,669531974.2,175432001.0,572599345.3,166672503.433,378540691.312,211868187.87899998,95.00689867466085,24.89388257105287,0,True,True,False,04.2024
15,14,Обслуживание долга,52055142.0,52127175.8,52486104.8,4238249.7,23895741.4,4235929.512,4235929.512,0.0,99.94525598621526,8.070573208168422,0,True,True,False,04.2024
16,15,Трансферты,472619541.0,493445120.1,501141900.1,196122214.6,197460205.1,196121743.112,196121743.112,0.0,99.99975959480113,39.13497216514225,0,True,True,False,04.2024
17,16,Погашение займов,358564606.0,346458534.1,348640930.0,203122870.2,279483955.1,203121817.316,203121817.316,0.0,99.99948165167274,58.26103587894858,0,True,True,False,04.2024
1,0,Итого,13712461188.0,15006761244.8,15149381920.2,5014347248.0,12812890850.6,4832034576.739,8511525027.653,3679490450.9139996,96.36417937880715,31.89591893710214,0,True,True,False,05.2024
2,1,Государственные услуги общего характера,393830080.8,443283494.7,495802547.5,213836677.8,415847864.0,202340244.176,262747723.422,60407479.24599999,94.62373165245648,40.81065036802781,0,True,True,False,05.2024
3,2,Оборона,81304610.9,135399047.5,135861988.9,62660878.0,126387668.8,39675208.741,62595313.464,22920104.723000005,63.317352082107746,29.20258201887695,0,True,True,False,05.2024
4,3,"Общественный порядок, безопасность, правовая, судебная, уголовно-исполнительная деятельность",327951998.0,364858059.0,364945451.4,119404681.1,285591067.0,117403649.926,158423927.033,41020277.10699999,98.3241601957597,32.170191319173135,0,True,True,False,05.2024
5,4,Образование,5695217365.0,5803494120.8,5804027566.8,1980049558.0,4877991624.6,1963209699.666,3507311529.667,1544101830.001,99.1495233911716,33.824954776160695,0,True,True,False,05.2024
6,5,Здравоохранение,374473772.0,398982688.5,404616609.3,96057013.6,337003775.6,90023610.867,181464112.286,91440501.41900001,93.71893575816937,22.249114049654015,0,True,True,False,05.2024
7,6,Социальная помощь и социальное обеспечение,774670661.8,799663414.3,808221272.6,260759355.7,601536597.8,254275004.275,304205177.376,49930173.10099998,97.51328139019482,31.461063064699147,0,True,True,False,05.2024
8,7,Жилищно-коммунальное хозяйство,1573270307.7,2087302603.3,2178195537.4,475115744.8,2056605399.4,426001373.671,1181946418.05,755945044.379,89.66265132937771,19.557535875750435,0,True,True,False,05.2024
9,8,"Культура, спорт, туризм и информационное пространство",679968108.0,739644852.5,741485369.9,271043306.3,635769842.4,266411936.872,415737176.194,149325239.322,98.29128064764903,35.929493377317684,0,True,True,False,05.2024
10,9,Топливно-энергетический комплекс и недропользование,259641243.0,285912732.3,287050197.8,72681431.4,280853811.7,64639748.348,210265712.341,145625963.993,88.93571178071211,22.518621775358344,0,True,True,False,05.2024
11,10,"Сельское, водное, лесное, рыбное хозяйство, особо охраняемые природные территории, охрана окружающей среды и животного мира, земельные отношения",939043225.7,965431351.1,968002772.1,348877922.0,686005565.3,341492355.687,435210241.429,93717885.74200004,97.88305139211417,35.27803489097053,0,True,True,False,05.2024
12,11,"Промышленность, архитектурная, градостроительная и строительная деятельность",47160073.7,64247334.7,71879429.5,19918621.1,63007852.0,19098808.398,36629226.646,17530418.248,95.88418948337743,26.570617673029805,0,True,True,False,05.2024
13,12,Транспорт и коммуникации,1054934016.0,1262870381.7,1300400405.1,389974560.4,1270986328.5,359742768.063,847328735.231,487585967.1679999,92.24775269802447,27.663999999702867,0,True,True,False,05.2024
14,13,Прочие,627756436.4,757953986.4,689000525.0,236761448.1,620341144.2,220642651.816,440582218.281,219939566.465,93.19196752116842,32.023582538779635,0,True,True,False,05.2024
15,14,Обслуживание долга,52055142.0,52526568.8,52526568.8,4419825.9,24031622.2,4417228.158,4417228.158,0.0,99.94122524147386,8.409512098189822,0,True,True,False,05.2024
16,15,Трансферты,472619541.0,501216045.1,501216045.1,232031515.6,233359591.1,231906638.681,231906638.681,0.0,99.94618105274317,46.268797846392005,0,True,True,False,05.2024
17,16,Погашение займов,358564606.0,343974564.1,346149633.0,230754708.2,297571096.0,230753649.394,230753649.394,0.0,99.99954115519104,66.6629767578,0,True,True,False,05.2024
1,0,Итого,13712461188.0,15253079136.9,15519532229.2,6491338987.1,13772473924.5,6415386522.84,10035644046.677,3620257523.837,98.82994148956112,41.33749927571561,0,True,True,False,06.2024
2,1,Государственные услуги общего характера,393830080.8,449957815.3,538273059.6,275598774.7,471685091.2,262128046.556,324459919.508,62331872.95200002,95.11219592370706,48.69796878758745,0,True,True,False,06.2024
3,2,Оборона,81304610.9,142529962.8,143027369.7,66944171.9,135251140.5,65439233.35,89108271.941,23669038.591,97.75194986017894,45.75294468971837,0,True,True,False,06.2024
4,3,"Общественный порядок, безопасность, правовая, судебная, уголовно-исполнительная деятельность",327951998.0,368801373.5,369220802.4,147512720.9,303007300.4,147141507.47,194001746.908,46860239.43799999,99.7483515809788,39.85190068207273,0,True,True,False,06.2024
5,4,Образование,5695217365.0,5777442046.9,5779549682.1,2707390746.3,5123086673.2,2701816423.94,4096085086.798,1394268662.8579998,99.79410720940012,46.747870899144075,0,True,True,False,06.2024
6,5,Здравоохранение,374473772.0,405677746.7,418953864.1,118583412.9,353228110.7,114834690.025,204969269.283,90134579.25799999,96.83874600728413,27.40986534918082,0,True,True,False,06.2024
7,6,Социальная помощь и социальное обеспечение,774670661.8,800142175.7,809555106.9,324338522.6,631668131.9,319492326.583,369527734.573,50035407.99000001,98.5058216402568,39.46517338472737,0,True,True,False,06.2024
8,7,Жилищно-коммунальное хозяйство,1573270307.7,2253995686.5,2378299427.1,643366716.0,2259469962.8,624667014.782,1444694598.214,820027583.432,97.0934615122365,26.265280463179234,0,True,True,False,06.2024
9,8,"Культура, спорт, туризм и информационное пространство",679968108.0,741285089.3,741264647.9,330828495.8,649559908.7,328867629.378,468247585.554,139379956.176,99.40728611746147,44.36575119421664,0,True,True,False,06.2024
10,9,Топливно-энергетический комплекс и недропользование,259641243.0,316424293.8,326404442.2,88867419.9,318294920.2,83965042.448,237189992.247,153224949.79900002,94.48349298593735,25.724233984705247,0,True,True,False,06.2024
11,10,"Сельское, водное, лесное, рыбное хозяйство, особо охраняемые природные территории, охрана окружающей среды и животного мира, земельные отношения",939043225.7,959239921.2,963711994.3,413842767.6,818740273.9,412834193.967,497411427.641,84577233.67399997,99.7562906224388,42.837922160226455,0,True,True,False,06.2024
12,11,"Промышленность, архитектурная, градостроительная и строительная деятельность",47160073.7,64526419.6,140813343.8,39015658.9,128389298.0,33212924.002,93971208.857,60758284.85499999,85.1271641653603,23.586489110842347,0,True,True,False,06.2024
13,12,Транспорт и коммуникации,1054934016.0,1284345030.1,1333037870.8,502808536.1,1317021514.3,493752339.622,979676825.862,485924486.24,98.19887773818563,37.03963333957518,0,True,True,False,06.2024
14,13,Прочие,627756436.4,799059519.4,684720897.9,278999991.6,632737414.9,273997672.628,483062901.202,209065228.574,98.20705407791847,40.0159646752911,0,True,True,False,06.2024
15,14,Обслуживание долга,52055142.0,52693491.8,52693491.8,18072122.6,32608505.2,18070538.651,18070538.651,0.0,99.99123540142428,34.29368226267366,0,True,True,False,06.2024
16,15,Трансферты,472619541.0,501216947.1,501216947.1,298651134.1,299763428.1,298651101.141,298651101.141,0.0,99.99998896404658,59.58519616484851,0,True,True,False,06.2024
17,16,Погашение займов,358564606.0,335741617.2,338789281.5,236517795.2,297962250.5,236515838.297,236515838.297,0.0,99.99917261912647,69.81207824811305,0,True,True,False,06.2024
1,0,Итого,13712461188.0,15542147299.0,15844078657.8,7999400064.0,14314531272.3,7801653817.962,11031375293.577,3229721475.615,97.52798654329186,49.24018610650652,0,True,True,False,07.2024
2,1,Государственные услуги общего характера,393830080.8,464636749.6,576472208.1,335227953.2,519673572.6,322792867.132,389225796.017,66432928.88499999,96.2905581264039,55.99452369020459,0,True,True,False,07.2024
3,2,Оборона,81304610.9,148087552.4,148980077.7,79985423.5,141971785.2,76466759.863,107170953.272,30704193.408999994,95.60086890456985,51.32683580483863,0,True,True,False,07.2024
4,3,"Общественный порядок, безопасность, правовая, судебная, уголовно-исполнительная деятельность",327951998.0,376195712.6,376421821.5,178256935.7,326254200.4,177413313.523,228060547.724,50647234.201000005,99.52673809089832,47.131516662882945,0,True,True,False,07.2024
5,4,Образование,5695217365.0,5771125695.8,5774997735.5,3203311957.0,5194616650.2,3180545838.031,4288807351.818,1108261513.7869997,99.28929435301328,55.07440840157538,0,True,True,False,07.2024
6,5,Здравоохранение,374473772.0,405109006.3,422141926.7,145952579.3,362602114.1,139372497.528,226025594.773,86653097.245,95.4916303613416,33.0155544173291,0,True,True,False,07.2024
7,6,Социальная помощь и социальное обеспечение,774670661.8,804903507.5,813864874.9,386369364.7,656587019.2,380320691.672,425204763.852,44884072.18000001,98.43448430941295,46.730200970858974,0,True,True,False,07.2024
8,7,Жилищно-коммунальное хозяйство,1573270307.7,2386860345.6,2487837446.5,953721050.3,2395805523.4,880304582.245,1647736536.485,767431954.2399999,92.30210258734394,35.38432880666908,0,True,True,False,07.2024
9,8,"Культура, спорт, туризм и информационное пространство",679968108.0,753539917.2,754667033.5,396908378.3,678564727.9,391155216.335,518165874.651,127010658.31600004,98.55050629325554,51.831496404566344,0,True,True,False,07.2024
10,9,Топливно-энергетический комплекс и недропользование,259641243.0,372125197.2,390492478.7,144359425.2,377995992.6,134450607.953,298769674.157,164319066.204,93.13600948932014,34.431036521011485,0,True,True,False,07.2024
11,10,"Сельское, водное, лесное, рыбное хозяйство, особо охраняемые природные территории, охрана окружающей среды и животного мира, земельные отношения",939043225.7,971969081.5,974578784.3,484475542.2,850814483.8,473804392.79,549449076.632,75644683.84199995,97.79738119254847,48.616325372844464,0,True,True,False,07.2024
12,11,"Промышленность, архитектурная, градостроительная и строительная деятельность",47160073.7,67707330.6,159613766.8,67231104.0,147472788.5,62008122.102,123309353.199,61301231.097,92.23130130660951,38.84885580057622,0,True,True,False,07.2024
13,12,Транспорт и коммуникации,1054934016.0,1339027613.8,1390540994.4,673647103.2,1377239735.3,650649463.185,1123943548.435,473294085.25,96.58609976859466,46.79110258563405,0,True,True,False,07.2024
14,13,Прочие,627756436.4,808383990.6,700121315.5,367997248.7,653960974.0,350437449.362,523574206.321,173136756.959,95.22827972219021,50.053818046052626,0,True,True,False,07.2024
15,14,Обслуживание долга,52055142.0,51792346.6,51792346.6,18129783.9,31811216.0,18128201.403,18128201.403,0.0,99.99127128591977,35.00169927230136,0,True,True,False,07.2024
16,15,Трансферты,472619541.0,501276758.2,501276758.2,317296151.2,318491286.2,317274818.073,317274818.073,0.0,99.99327658815926,63.293343025174394,0,True,True,False,07.2024
17,16,Погашение займов,358564606.0,319406493.5,320279088.9,246530063.6,280669202.9,246528996.765,246528996.765,0.0,99.99956725967436,76.97317911441081,0,True,True,False,07.2024
1,0,Итого,13712461188.0,15641560417.6,15934004969.8,9448925373.6,14825126222.4,9134004774.498,11976331280.059,2842326505.561001,96.66712788332651,57.32397342544978,0,True,True,False,08.2024
2,1,Государственные услуги общего характера,393830080.8,471924388.3,600603846.6,388236549.8,552579010.9,374151633.883,442219890.609,68068256.72600001,96.3720788461942,62.295910357727635,0,True,True,False,08.2024
3,2,Оборона,81304610.9,148333251.5,149569914.6,86876141.1,143785171.3,82976362.837,112959416.764,29983053.927,95.51110556520794,55.47663984358523,0,True,True,False,08.2024
4,3,"Общественный порядок, безопасность, правовая, судебная, уголовно-исполнительная деятельность",327951998.0,378819168.2,379028740.6,210035093.5,339949337.3,208564273.303,262180135.182,53615861.87900001,99.29972645404612,55.02597849778994,0,True,True,False,08.2024
5,4,Образование,5695217365.0,5774846601.1,5769073869.7,3623714471.4,5289225233.9,3537205531.468,4503385897.673,966180366.2050004,97.61269987978446,61.31323001506202,0,True,True,False,08.2024
6,5,Здравоохранение,374473772.0,410428453.4,427031053.6,177254581.1,372203740.5,168968026.939,255016242.155,86048215.21599999,95.32505500869112,39.5680889046707,0,True,True,False,08.2024
7,6,Социальная помощь и социальное обеспечение,774670661.8,803188990.6,812944849.2,455023525.9,682584997.7,450468673.448,491061443.717,40592770.268999994,98.99898528477384,55.41195985081837,0,True,True,False,08.2024
8,7,Жилищно-коммунальное хозяйство,1573270307.7,2431462587.0,2531964933.0,1210983202.8,2476383330.4,1118019400.044,1768283392.511,650263992.467,92.32327892401382,44.15619606229357,0,True,True,False,08.2024
9,8,"Культура, спорт, туризм и информационное пространство",679968108.0,754558900.3,757039359.5,460815878.0,698873702.7,452750627.976,567335332.384,114584704.40799993,98.2497890352641,59.80542785450774,0,True,True,False,08.2024
10,9,Топливно-энергетический комплекс и недропользование,259641243.0,395843574.2,404003182.3,206086271.5,401879008.2,189501550.902,330642059.589,141140508.68699998,91.9525349858154,46.90595500341434,0,True,True,False,08.2024
11,10,"Сельское, водное, лесное, рыбное хозяйство, особо охраняемые природные территории, охрана окружающей среды и животного мира, земельные отношения",939043225.7,961900077.4,963161069.4,558701360.1,880242309.4,550938043.592,621509521.994,70571478.40199995,98.61047116359079,57.20102910048121,0,True,True,False,08.2024
12,11,"Промышленность, архитектурная, градостроительная и строительная деятельность",47160073.7,70559627.4,170571182.0,96822264.6,167752162.9,85638014.974,145601468.146,59963453.17199999,88.44867998883802,50.2066140187737,0,True,True,False,08.2024
13,12,Транспорт и коммуникации,1054934016.0,1352408516.1,1399921153.7,816011353.4,1391669072.6,784216626.6,1200237883.917,416021257.31700003,96.1036416138668,56.018628229690705,0,True,True,False,08.2024
14,13,Прочие,627756436.4,814808308.8,695740736.4,428614016.6,655227052.7,400858124.134,546150711.02,145292586.88599998,93.52426859807925,57.61602033081702,0,True,True,False,08.2024
15,14,Обслуживание долга,52055142.0,51794721.6,51794721.6,30463106.3,38882390.0,30461426.344,30461426.344,0.0,99.99448527676903,58.81183526624072,0,True,True,False,08.2024
16,15,Трансферты,472619541.0,501276758.2,501277268.7,451368347.7,452352011.7,451368314.573,451368314.573,0.0,99.99999266076141,90.04364306076901,0,True,True,False,08.2024
17,16,Погашение займов,358564606.0,319406493.5,320279088.9,247919209.8,281537690.2,247918143.481,247918143.481,0.0,99.9995698925465,77.40690918426051,0,True,True,False,08.2024
1,0,Итого,13712461188.0,15739554539.8,16016852353.6,10631904140.7,15080981153.1,10364781787.081,12914249137.445,2549467350.3640003,97.48753986036772,64.71172711254579,0,True,True,False,09.2024
2,1,Государственные услуги общего характера,393830080.8,477314713.5,605902869.2,436688017.3,569815323.8,419079993.583,485756572.257,66676578.674000025,95.9678253079009,69.16620053909459,0,True,True,False,09.2024
3,2,Оборона,81304610.9,148693850.3,150128605.2,92261943.7,146606059.9,88809058.96,122940254.284,34131195.324,96.25752005482624,59.15532142704541,0,True,True,False,09.2024
4,3,"Общественный порядок, безопасность, правовая, судебная, уголовно-исполнительная деятельность",327951998.0,380922235.8,381084801.9,245738796.3,351403990.4,245313919.305,292468887.079,47154967.77399999,99.82710219086395,64.37252760590872,0,True,True,False,09.2024
5,4,Образование,5695217365.0,5772063090.0,5785221440.6,3974353048.9,5431599517.9,3951914811.151,4803975913.794,852061102.6429996,99.4354241439318,68.31051934186873,0,True,True,False,09.2024
6,5,Здравоохранение,374473772.0,410481244.2,428499578.4,211309034.4,379726117.8,201813977.474,271223062.756,69409085.28199998,95.50655420249272,47.09782404630716,0,True,True,False,09.2024
7,6,Социальная помощь и социальное обеспечение,774670661.8,803307756.8,812928256.1,511806887.2,706055354.0,509884367.675,544965707.683,35081340.00799996,99.62436622619173,62.72193934076736,0,True,True,False,09.2024
8,7,Жилищно-коммунальное хозяйство,1573270307.7,2462663753.1,2542468772.4,1475850159.7,2518104098.2,1379948293.167,2020440674.819,640492381.652,93.50192389771505,54.27591906524688,0,True,True,False,09.2024
9,8,"Культура, спорт, туризм и информационное пространство",679968108.0,757150241.1,759920083.9,522616337.9,716530552.8,517599890.624,615133095.032,97533204.40799993,99.04012811842865,68.11241097453511,0,True,True,False,09.2024
10,9,Топливно-энергетический комплекс и недропользование,259641243.0,403863405.4,405903497.2,243671542.1,405483900.1,229634919.173,355123806.577,125488887.40400001,94.23953129445066,56.57377203129946,0,True,True,False,09.2024
11,10,"Сельское, водное, лесное, рыбное хозяйство, особо охраняемые природные территории, охрана окружающей среды и животного мира, земельные отношения",939043225.7,967380661.0,968281739.3,613207427.3,817248624.5,602322882.722,665028120.92,62705238.197999954,98.22498161414556,62.20533324912616,0,True,True,False,09.2024
12,11,"Промышленность, архитектурная, градостроительная и строительная деятельность",47160073.7,71605503.4,176985358.7,130911375.2,174670165.7,110939918.029,156290238.635,45350320.60599999,84.7442919757824,62.68310488725191,0,True,True,False,09.2024
13,12,Транспорт и коммуникации,1054934016.0,1368287345.2,1412523961.0,961894093.3,1408671230.8,918065600.49,1269406416.543,351340816.053,95.44352199319198,64.99469218490658,0,True,True,False,09.2024
14,13,Прочие,627756436.4,843344257.9,713407112.2,475069591.8,679255238.5,452931146.73,574973379.068,122042232.33799994,95.33995746052295,63.48845406562516,0,True,True,False,09.2024
15,14,Обслуживание долга,52055142.0,51794721.6,51794721.6,31230605.1,38887363.8,31228824.944,31228824.944,0.0,99.99429996314736,60.29345072104799,0,True,True,False,09.2024
16,15,Трансферты,472619541.0,501277268.7,501524468.7,452007598.7,452635961.7,452007565.573,452007565.573,0.0,99.99999267114092,90.12672237999621,0,True,True,False,09.2024
17,16,Погашение займов,358564606.0,319404491.8,320277087.2,253287681.8,284287653.2,253286617.481,253286617.481,0.0,99.99957979835717,79.08358968021739,0,True,True,False,09.2024
1,0,Итого,13712461188.0,16011130030.0,16250199417.9,12345090948.1,15636748927.6,11733736916.207,13889559686.655,2155822770.448,95.04779645234537,72.20672568043686,0,True,True,False,10.2024
2,1,Государственные услуги общего характера,393830080.8,492636170.0,628506369.7,499177374.3,602722371.5,473733074.894,527861182.989,54128108.09500003,94.9027538674643,75.37442701179357,0,True,True,False,10.2024
3,2,Оборона,81304610.9,165186594.4,167549474.9,113727507.8,165655921.5,105850344.877,146396104.173,40545759.296000004,93.07365203425306,63.1755754174554,0,True,True,False,10.2024
4,3,"Общественный порядок, безопасность, правовая, судебная, уголовно-исполнительная деятельность",327951998.0,380788248.2,380942247.5,280863064.0,360973338.0,276506618.267,319972704.465,43466086.197999954,98.44890756692736,72.58491807659114,0,True,True,False,10.2024
5,4,Образование,5695217365.0,5836825923.8,5835904323.4,4584667798.4,5595963126.4,4423040279.084,5117684786.147,694644507.0630007,96.47460783587404,75.79014380597548,0,True,True,False,10.2024
6,5,Здравоохранение,374473772.0,413946215.7,433007970.6,253447684.3,388910019.7,235632491.709,293376966.06,57744474.35100001,92.97085998627132,54.41758759832861,0,True,True,False,10.2024
7,6,Социальная помощь и социальное обеспечение,774670661.8,797742517.2,808898286.8,582451097.7,728518462.5,576292453.816,604897957.167,28605503.35100007,98.9426333114798,71.24411847820964,0,True,True,False,10.2024
8,7,Жилищно-коммунальное хозяйство,1573270307.7,2538264535.9,2594438948.7,1824741206.8,2577547994.4,1622736953.019,2180727822.76,557990869.7410002,88.92970394770394,62.54673881735039,0,True,True,False,10.2024
9,8,"Культура, спорт, туризм и информационное пространство",679968108.0,771335622.7,772937458.7,596881126.9,740484939.7,581766491.166,657721917.604,75955426.43799996,97.4677310015647,75.26695525204204,0,True,True,False,10.2024
10,9,Топливно-энергетический комплекс и недропользование,259641243.0,444481058.8,445130093.3,313021499.5,444897895.2,281503240.078,420321950.78,138818710.70199996,89.93096018249699,63.240667012885595,0,True,True,False,10.2024
11,10,"Сельское, водное, лесное, рыбное хозяйство, особо охраняемые природные территории, охрана окружающей среды и животного мира, земельные отношения",939043225.7,970353664.6,972164370.6,695238916.4,912865821.7,675410215.815,725251599.213,49841383.398,97.14792999683124,69.4748991261787,0,True,True,False,10.2024
12,11,"Промышленность, архитектурная, градостроительная и строительная деятельность",47160073.7,74994446.6,183204599.5,145054618.6,181088485.0,128024562.229,165192188.0,37167625.771,88.25955592771453,69.88064850904576,0,True,True,False,10.2024
13,12,Транспорт и коммуникации,1054934016.0,1418902586.5,1463978369.1,1132499408.4,1456562700.1,1069755379.124,1345477932.26,275722553.13600004,94.45968546997786,73.07180226861182,0,True,True,False,10.2024
14,13,Прочие,627756436.4,860084403.2,717646832.4,550099315.5,691225233.0,510270327.686,611462090.594,101191762.90799999,92.75967326412714,71.10326481613828,0,True,True,False,10.2024
15,14,Обслуживание долга,52055142.0,51798382.1,51798382.1,45258343.1,47179284.3,45254899.714,45254899.714,0.0,99.99239170998287,87.3674000601652,0,True,True,False,10.2024
16,15,Трансферты,472619541.0,502061960.5,502363990.8,463330547.3,463936367.8,463330211.971,463330211.971,0.0,99.99992762639936,92.22998074228214,0,True,True,False,10.2024
17,16,Погашение займов,358564606.0,291727699.8,291727699.8,264631439.1,278216966.8,264629372.758,264629372.758,0.0,99.99921916231608,90.71108877882428,0,True,True,False,10.2024
1,0,Итого,13712461188.0,16032355148.5,16294295932.4,14394035501.4,15985109793.4,13313420331.128,14735684524.148,1422264193.0200005,92.49261841707354,81.70601777678071,0,True,True,False,11.2024
2,1,Государственные услуги общего характера,393830080.8,500485192.0,639586019.0,557423152.5,625646469.6,525226975.477,569231949.973,44004974.49600005,94.22410481541668,82.1198337478043,0,True,True,False,11.2024
3,2,Оборона,81304610.9,164817853.2,166257103.6,140738199.0,165673697.0,119756982.796,152124412.689,32367429.893000007,85.09202451567538,72.03119758667563,0,True,True,False,11.2024
4,3,"Общественный порядок, безопасность, правовая, судебная, уголовно-исполнительная деятельность",327951998.0,384175020.9,384400083.4,326865231.5,373163033.1,310789892.497,346821776.68,36031884.18300003,95.0819672899349,80.85063087085688,0,True,True,False,11.2024
5,4,Образование,5695217365.0,5836094010.5,5837085408.5,5225382403.0,5717239140.8,5040258426.189,5454894354.891,414635928.70199966,96.45721666791857,86.34888944488193,0,True,True,False,11.2024
6,5,Здравоохранение,374473772.0,413500219.8,432122068.6,336515660.1,406784278.5,287314205.868,330241710.619,42927504.75100005,85.3791487096383,66.48913044382292,0,True,True,False,11.2024
7,6,Социальная помощь и социальное обеспечение,774670661.8,785918272.0,794983691.1,654198192.1,748391382.7,642362630.023,662126578.081,19763948.05799997,98.1908292899729,80.80198841993578,0,True,True,False,11.2024
8,7,Жилищно-коммунальное хозяйство,1573270307.7,2561147089.3,2613235268.4,2252888837.9,2606608509.4,1908617698.347,2302258393.884,393640695.53699994,84.7186805775154,73.03658118450181,0,True,True,False,11.2024
9,8,"Культура, спорт, туризм и информационное пространство",679968108.0,768450503.5,770359037.6,674561347.8,753998425.0,649483139.046,698076416.1,48593277.05400002,96.28229384387507,84.30914772797622,0,True,True,False,11.2024
10,9,Топливно-энергетический комплекс и недропользование,259641243.0,448711826.1,441497092.7,397394643.3,441432995.6,344916740.288,426206334.986,81289594.69800001,86.7945117286386,78.1243514376601,0,True,True,False,11.2024
11,10,"Сельское, водное, лесное, рыбное хозяйство, особо охраняемые природные территории, охрана окружающей среды и животного мира, земельные отношения",939043225.7,962946210.9,964862328.0,890790933.4,947060745.7,749709705.103,784946119.352,35236414.24899995,84.1622514321608,77.70121014642827,0,True,True,False,11.2024
12,11,"Промышленность, архитектурная, градостроительная и строительная деятельность",47160073.7,75263479.0,220588098.2,197851740.5,219475276.3,155620127.114,203406411.441,47786284.32700002,78.65491944661463,70.54783480335568,0,True,True,False,11.2024
13,12,Транспорт и коммуникации,1054934016.0,1414765918.9,1461390522.7,1319922724.1,1456947069.0,1211329682.16,1372098052.976,160768370.81599998,91.77277275728055,82.88884205448393,0,True,True,False,11.2024
14,13,Прочие,627756436.4,868908026.2,720757684.0,616923879.5,708978040.2,565464443.105,630682329.361,65217886.25599992,91.65870570017383,78.45416783721726,0,True,True,False,11.2024
15,14,Обслуживание долга,52055142.0,50968990.2,50968990.2,45987890.7,47153717.3,45982691.427,45982691.427,0.0,99.98869425642086,90.21699517013386,0,True,True,False,11.2024
16,15,Трансферты,472619541.0,502799716.8,502799717.2,483740518.7,484613713.2,483740183.287,483740183.287,0.0,99.99993066262036,96.20931888762009,0,True,True,False,11.2024
17,16,Погашение займов,358564606.0,293402819.2,293402819.2,272850147.3,281943300.0,272846808.401,272846808.401,0.0,99.9987762883645,92.99392866944886,0,True,True,False,11.2024
1,0,Итого,13712461188.0,15836763536.8,16081365647.4,16081365647.4,16081365647.4,15746467896.426,15865078933.244,118611036.81799889,97.9174794086711,97.9174794086711,0,True,True,False,12.2024
2,1,Государственные услуги общего характера,393830080.8,497644030.8,633853033.5,633853033.5,633853033.5,626197961.706,630305840.531,4107878.8250000477,98.79229547080806,98.79229547080806,0,True,True,False,12.2024
3,2,Оборона,81304610.9,146839496.8,148067995.7,148067995.7,148067995.7,146000920.159,146932655.765,931735.6059999764,98.60396871638076,98.60396871638076,0,True,True,False,12.2024
4,3,"Общественный порядок, безопасность, правовая, судебная, уголовно-исполнительная деятельность",327951998.0,384257122.9,384437012.3,384437012.3,384437012.3,382642364.619,384078211.433,1435846.8140000105,99.53317510448252,99.53317510448252,0,True,True,False,12.2024
5,4,Образование,5695217365.0,5833857985.4,5827296595.4,5827296595.4,5827296595.4,5817637858.469,5821974518.301,4336659.831999779,99.83425012314245,99.83425012314245,0,True,True,False,12.2024
6,5,Здравоохранение,374473772.0,400216841.9,412100243.9,412100243.9,412100243.9,400062542.467,407823913.621,7761371.153999984,97.07893853226619,97.07893853226619,0,True,True,False,12.2024
7,6,Социальная помощь и социальное обеспечение,774670661.8,766549201.3,774728130.6,774728130.6,774728130.6,740438667.392,743627504.915,3188837.523000002,95.57400049725263,95.57400049725263,0,True,True,False,12.2024
8,7,Жилищно-коммунальное хозяйство,1573270307.7,2486047078.4,2538789352.4,2538789352.4,2538789352.4,2447700602.118,2509292346.765,61591744.646999836,96.41211862670328,96.41211862670328,0,True,True,False,12.2024
9,8,"Культура, спорт, туризм и информационное пространство",679968108.0,750237956.7,750790704.4,750790704.4,750790704.4,746469157.943,748700221.807,2231063.864000082,99.42440064432422,99.42440064432422,0,True,True,False,12.2024
10,9,Топливно-энергетический комплекс и недропользование,259641243.0,430170992.4,432302086.4,432302086.4,432302086.4,418609626.666,430259113.494,11649486.828000009,96.83266397161668,96.83266397161668,0,True,True,False,12.2024
11,10,"Сельское, водное, лесное, рыбное хозяйство, особо охраняемые природные территории, охрана окружающей среды и животного мира, земельные отношения",939043225.7,954481747.4,965923282.0,965923282.0,965923282.0,879893548.59,880899866.125,1006317.5349999666,91.09352315932685,91.09352315932685,0,True,True,False,12.2024
12,11,"Промышленность, архитектурная, градостроительная и строительная деятельность",47160073.7,67075257.7,207189691.1,207189691.1,207189691.1,205769576.919,206826141.291,1056564.3720000088,99.31458260618065,99.31458260618065,0,True,True,False,12.2024
13,12,Транспорт и коммуникации,1054934016.0,1402539569.6,1445081317.3,1445081317.3,1445081317.3,1422692093.415,1433486498.638,10794405.22300005,98.45065993055448,98.45065993055448,0,True,True,False,12.2024
14,13,Прочие,627756436.4,859125478.8,702848227.2,702848227.2,702848227.2,654402730.037,662921854.632,8519124.595000029,93.10726053105422,93.10726053105422,0,True,True,False,12.2024
15,14,Обслуживание долга,52055142.0,50940895.0,50940660.0,50940660.0,50940660.0,50936047.309,50936047.309,0.0,99.99094497205179,99.99094497205179,0,True,True,False,12.2024
16,15,Трансферты,472619541.0,509239407.7,509476841.2,509476841.2,509476841.2,509476799.774,509476799.774,0.0,99.99999186891402,99.99999186891402,0,True,True,False,12.2024
17,16,Погашение займов,358564606.0,297540474.0,297540474.0,297540474.0,297540474.0,297537398.843,297537398.843,0.0,99.99896647438963,99.99896647438963,0,True,True,False,12.2024
1,0,Итого,15953227384.0,15953836010.0,15956321141.0,749954463.1,11363863134.4,671475362.881,2258039305.842,1586563942.961,89.53548460867877,4.208209128830043,0,True,True,False,01.2025
2,1,Государственные услуги общего характера,445050753.4,445070610.4,445881050.2,24543174.2,317758707.7,22539734.62,46771837.645,24232103.025000002,91.83708038872985,5.055100370354336,0,True,True,False,01.2025
3,2,Оборона,127599022.0,127618604.0,127639604.0,2327009.4,92345665.2,1842469.469,14075637.5,12233168.031,79.17756881429014,1.4434935641135334,0,True,True,False,01.2025
4,3,"Общественный порядок, безопасность, правовая, судебная, уголовно-исполнительная деятельность",422974957.0,422974957.0,422974957.0,19249701.0,237378461.0,17572887.072,35064025.833,17491138.760999996,91.28914299500029,4.154592791175578,0,True,True,False,01.2025
5,4,Образование,6162253659.0,6162253659.0,6162253659.0,319361824.8,4542521303.7,282282426.636,1188304964.648,906022538.0120001,88.38953334913433,4.580831011779679,0,True,True,False,01.2025
6,5,Здравоохранение,482882968.0,482882968.0,482882968.0,6246330.0,300401342.0,6020047.572,25974438.834,19954391.262,96.37735393423017,1.2466887363896422,0,True,True,False,01.2025
7,6,Социальная помощь и социальное обеспечение,934945975.9,934946325.9,934946325.9,19805798.8,612688273.3,17978589.012,55009684.133,37031095.12100001,90.77436963562407,1.9229541326549855,0,True,True,False,01.2025
8,7,Жилищно-коммунальное хозяйство,1948835054.3,1949172038.3,1951230293.3,53583105.6,1552858704.6,48037126.901,313567258.521,265530131.62000003,89.64976248222537,2.4618891509601184,0,True,True,False,01.2025
9,8,"Культура, спорт, туризм и информационное пространство",817675037.6,817386037.6,817374109.6,37902332.6,611552617.7,35618076.642,86423682.122,50805605.48,93.97331034449314,4.357622320510064,0,True,True,False,01.2025
10,9,Топливно-энергетический комплекс и недропользование,282157817.0,282197817.0,282197817.0,7971687.0,193229287.0,7679066.446,22220391.138,14541324.692,96.32925183841263,2.721164368893754,0,True,True,False,01.2025
11,10,"Сельское, водное, лесное, рыбное хозяйство, особо охраняемые природные территории, охрана окружающей среды и животного мира, земельные отношения",1020391415.4,1020434051.4,1020846503.5,37050050.8,591403379.5,35519886.979,72282537.118,36762650.139,95.87000884490017,3.4794542428483717,0,True,True,False,01.2025
12,11,"Промышленность, архитектурная, градостроительная и строительная деятельность",51196369.8,51196369.8,51197369.8,1684990.6,42125695.9,1536745.635,6156150.757,4619405.122,91.20203014782396,3.00161051437451,0,True,True,False,01.2025
13,12,Транспорт и коммуникации,1731847852.0,1731880979.0,1733847982.0,86516074.4,1513408406.4,63499886.351,216745872.885,153245986.53399998,73.39663385258729,3.662367578370547,0,True,True,False,01.2025
14,13,Прочие,782937555.6,783342645.6,780569554.7,19383869.7,500403969.4,17020917.092,61115322.254,44094405.162,87.80969618259455,2.1805766045463724,0,True,True,False,01.2025
15,14,Обслуживание долга,52337962.0,52337962.0,52337962.0,1039310.2,28469511.0,1039306.918,1039306.918,0.0,99.99968421362554,1.985761153634526,0,True,True,False,01.2025
16,15,Трансферты,509123548.0,509123548.0,509123548.0,113287334.0,115718074.0,113287334.0,113287334.0,0.0,100.0,22.251442590905263,0,True,True,False,01.2025
17,16,Погашение займов,181017437.0,181017437.0,181017437.0,1870.0,111599736.0,861.536,861.536,0.0,46.07144385026737,0.00047594088960612114,0,True,True,False,01.2025
1,0,Итого,15953227384.0,16081997836.4,16117874401.8,1988694376.9,12376383131.0,1883137952.692,4594558393.733,2711420441.041,94.69217465317406,11.683537827306163,0,True,True,False,02.2025
2,1,Государственные услуги общего характера,445050753.4,452576548.7,462394203.4,79965280.2,355470887.5,76381478.742,128205709.254,51824230.511999995,95.51830313226364,16.518692963788137,0,True,True,False,02.2025
3,2,Оборона,127599022.0,129873912.0,129939968.0,15582119.5,121273529.8,11508895.406,47784129.079,36275233.67300001,73.85962741461455,8.857086532451662,0,True,True,False,02.2025
4,3,"Общественный порядок, безопасность, правовая, судебная, уголовно-исполнительная деятельность",422974957.0,427912996.0,427987328.0,44808570.3,275908659.0,43904412.232,69226350.716,25321938.484000005,97.98217603921186,10.258343964800751,0,True,True,False,02.2025
5,4,Образование,6162253659.0,6175732566.1,6175997612.7,814297034.0,4752379427.9,802786938.477,1989876491.303,1187089552.826,98.58649914682115,12.998498199322336,0,True,True,False,02.2025
6,5,Здравоохранение,482882968.0,481090310.0,481638266.0,33161868.3,344492060.3,25936633.624,115867171.354,89930537.73,78.2122207028969,5.38508574897992,0,True,True,False,02.2025
7,6,Социальная помощь и социальное обеспечение,934945975.9,937255892.7,937447978.3,75791816.9,648057449.8,73518826.774,123775554.389,50256727.614999995,97.00100852708282,7.842443364945066,0,True,True,False,02.2025
8,7,Жилищно-коммунальное хозяйство,1948835054.3,2012111255.4,2027420351.4,171329196.3,1788210387.2,159471178.773,690370928.523,530899749.75,93.07881097729751,7.865718555250761,0,True,True,False,02.2025
9,8,"Культура, спорт, туризм и информационное пространство",817675037.6,827703882.3,827474487.2,107829399.9,669156088.2,102182898.599,246797571.667,144614673.068,94.7634862975807,12.348767264688181,0,True,True,False,02.2025
10,9,Топливно-энергетический комплекс и недропользование,282157817.0,285441118.1,286578993.5,43750941.2,224519431.5,36531681.73,101548410.779,65016729.049,83.49919048141527,12.747508560846416,0,True,True,False,02.2025
11,10,"Сельское, водное, лесное, рыбное хозяйство, особо охраняемые природные территории, охрана окружающей среды и животного мира, земельные отношения",1020391415.4,1020864454.7,1023451857.1,150596064.4,627634536.2,148229611.088,217834148.433,69604537.345,98.42860879437431,14.48330080791643,0,True,True,False,02.2025
12,11,"Промышленность, архитектурная, градостроительная и строительная деятельность",51196369.8,54088631.3,54328720.4,6282225.3,47569275.4,5661675.538,18786737.222,13125061.684,90.12213455636491,10.42114648811055,0,True,True,False,02.2025
13,12,Транспорт и коммуникации,1731847852.0,1744638012.8,1750826328.2,186104903.7,1626422367.4,147002768.852,453144581.601,306141812.749,78.98919691496556,8.396193642069084,0,True,True,False,02.2025
14,13,Прочие,782937555.6,786614623.1,775075524.1,97208476.1,596010730.3,89282366.892,230602023.448,141319656.556,91.84627768483247,11.519182855847841,0,True,True,False,02.2025
15,14,Обслуживание долга,52337962.0,52376043.5,52415118.7,2663975.0,29916175.7,2663586.24,2663586.24,0.0,99.98540676995844,5.081713646868074,0,True,True,False,02.2025
16,15,Трансферты,509123548.0,512531020.1,521761285.2,151169393.0,153597581.2,149921895.523,149921895.523,0.0,99.1747684817389,28.733809842854168,0,True,True,False,02.2025
17,16,Погашение займов,181017437.0,181186569.6,183136379.6,8153112.8,115764543.6,8153104.202,8153104.202,0.0,99.99989454334546,4.451930424641856,0,True,True,False,02.2025
1,0,Итого,15953227384.0,16265053386.9,16359184237.5,3329216489.1,13011652100.9,3152327334.613,6405568449.734,3253241115.1210003,94.68676323494904,19.269465328148517,0,True,True,False,03.2025
2,1,Государственные услуги общего характера,445050753.4,470383360.8,484674239.2,127794006.5,390059989.2,125783057.478,187469672.915,61686615.43699999,98.42641366596484,25.952082306997927,0,True,True,False,03.2025
3,2,Оборона,127599022.0,137855092.3,138315776.0,20996107.6,123060317.0,19225198.701,59216015.622,39990816.921000004,91.56553713317797,13.899498131724325,0,True,True,False,03.2025
4,3,"Общественный порядок, безопасность, правовая, судебная, уголовно-исполнительная деятельность",422974957.0,432305244.3,432459576.3,75143197.4,296264673.7,74227154.822,105650695.065,31423540.243,98.78093745050033,17.163952167984398,0,True,True,False,03.2025
5,4,Образование,6162253659.0,6179259206.6,6179430154.7,1295037653.6,4887238987.9,1265853257.962,2551385694.406,1285532436.4440002,97.74644423991286,20.48495130249522,0,True,True,False,03.2025
6,5,Здравоохранение,482882968.0,481924652.2,484438089.3,57024384.4,358475228.4,50254139.224,153954052.333,103699913.109,88.12745591691123,10.373696935477529,0,True,True,False,03.2025
7,6,Социальная помощь и социальное обеспечение,934945975.9,938119711.5,938438838.6,137676741.2,673136426.2,136005347.044,190086265.45,54080918.40599999,98.78600107655657,14.492723601135065,0,True,True,False,03.2025
8,7,Жилищно-коммунальное хозяйство,1948835054.3,2082783103.2,2114721736.0,315044460.3,1894639045.8,292432640.132,1005622276.22,713189636.088,92.8226574285839,13.828421732929122,0,True,True,False,03.2025
9,8,"Культура, спорт, туризм и информационное пространство",817675037.6,835453152.9,836248964.3,183217870.3,696778512.9,179058446.74,346440196.701,167381749.96099997,97.72979374053995,21.412097878038594,0,True,True,False,03.2025
10,9,Топливно-энергетический комплекс и недропользование,282157817.0,291626817.1,298887107.5,58890811.4,250840823.4,57388264.44,163351315.806,105963051.366,97.44858845670447,19.20064900758558,0,True,True,False,03.2025
11,10,"Сельское, водное, лесное, рыбное хозяйство, особо охраняемые природные территории, охрана окружающей среды и животного мира, земельные отношения",1020391415.4,1019460772.6,1052946565.9,250111619.9,716645007.9,245915959.101,337957074.676,92041115.57499999,98.32248465677944,23.355027412127487,0,True,True,False,03.2025
12,11,"Промышленность, архитектурная, градостроительная и строительная деятельность",51196369.8,55692930.0,57607890.6,10909578.2,51290043.0,10393960.634,26831856.727,16437896.093000002,95.27371676019519,18.04259889703373,0,True,True,False,03.2025
13,12,Транспорт и коммуникации,1731847852.0,1790375766.4,1800956952.0,383348610.0,1669799839.7,301829910.243,694655261.391,392825351.14800006,78.73509968980974,16.759418369651293,0,True,True,False,03.2025
14,13,Прочие,782937555.6,800569291.1,782670017.2,148117385.4,615854038.4,128056916.628,317044990.958,188988074.32999998,86.45637126403123,16.361546221755535,0,True,True,False,03.2025
15,14,Обслуживание долга,52337962.0,52376118.7,52415118.7,3565424.8,30082021.2,3565144.254,3565144.254,0.0,99.99213148458496,6.801747935371936,0,True,True,False,03.2025
16,15,Трансферты,509123548.0,514681563.9,521006567.9,232409174.9,234119632.9,232409125.979,232409125.979,0.0,99.99997895048678,44.60771519939989,0,True,True,False,03.2025
17,16,Погашение займов,181017437.0,182186603.3,183966643.3,29929463.2,123367513.3,29928811.231,29928811.231,0.0,99.99782164820115,16.26860755522629,0,True,True,False,03.2025
