id,code,name,utv,utch,plg,plgp,plgo,sumrg,obz,obzsumrg,plgpsumrg,plgsumrg,level,isLeaf,loaded,expanded,parentCode,parent_id
1,1.0,I. ДОХОДЫ,20194797994.0,20194797994.0,20194797994.0,13708552333.0,0.0,12120375035.892,0.0,0.0,88.41469720121468,60.017312574718694,0,False,True,False,,
6,1.0,НАЛОГОВЫЕ ПОСТУПЛЕНИЯ,15759823678.0,15759823678.0,15759823678.0,9693105319.0,0.0,7314815708.068,0.0,0.0,75.46411049232921,46.41432453510981,1,False,True,False,1.0,1.0
7,1.0,Налоговые поступления,15759823678.0,15759823678.0,15759823678.0,9693105319.0,0.0,7314815708.068,0.0,0.0,75.46411049232921,46.41432453510981,2,False,True,False,1.0,6.0
8,1.0,Подоходный налог,4802014221.0,4802014221.0,4802014221.0,2763636558.0,0.0,1979413245.605,0.0,0.0,71.62350056034394,41.220478626420956,3,False,True,False,1.0,7.0
9,1.0,Корпоративный подоходный налог,4802014221.0,4802014221.0,4802014221.0,2763636558.0,0.0,1979413245.605,0.0,0.0,71.62350056034394,41.220478626420956,4,False,True,False,1.0,8.0
10,5.0,"Внутренние налоги на товары, работы и услуги",8711245287.0,8711245287.0,8711245287.0,5621126587.0,0.0,4091872330.493,0.0,0.0,72.79452378738966,46.97230069504987,3,False,True,False,1.0,7.0
11,1.0,Hалог на добавленную стоимость,7341442312.0,7341442312.0,7341442312.0,4658386195.0,0.0,3261645234.209,0.0,0.0,70.01663446688538,44.42785348701382,4,False,True,False,5.0,10.0
12,2.0,Акцизы,190313599.0,190313599.0,190313599.0,123101210.0,0.0,77735499.289,0.0,0.0,63.147632171121636,40.84600348974537,4,False,True,False,5.0,10.0
13,3.0,Поступления за использование природных и других ресурсов,1148607846.0,1148607846.0,1148607846.0,818757644.0,0.0,727674415.388,0.0,0.0,88.87543471752919,63.35272895114805,4,False,True,False,5.0,10.0
14,4.0,Сборы за ведение предпринимательской и профессиональной деятельности,12663802.0,12663802.0,12663802.0,8102035.0,0.0,12914973.238,0.0,0.0,159.40406623767979,101.98337938322157,4,False,True,False,5.0,10.0
15,5.0,Налог на игорный бизнес,18217728.0,18217728.0,18217728.0,12779503.0,0.0,11902208.369,0.0,0.0,93.13514280641431,65.33311052289287,4,False,True,False,5.0,10.0
16,6.0,Hалоги на международную торговлю и внешние операции,2240570679.0,2240570679.0,2240570679.0,1304851936.0,0.0,1239598397.749,0.0,0.0,94.99916147949831,55.32511914787046,3,False,True,False,1.0,7.0
17,1.0,Таможенные платежи,2185723680.0,2185723680.0,2185723680.0,1273291652.0,0.0,1189477815.002,0.0,0.0,93.41754602204838,54.42031972687417,4,False,True,False,6.0,16.0
18,2.0,Прочие налоги на международную торговлю и операции,54846999.0,54846999.0,54846999.0,31560284.0,0.0,50120582.747,0.0,0.0,158.80903589777583,91.38254354992148,4,False,True,False,6.0,16.0
19,7.0,Прочие налоги,0.0,0.0,0.0,0.0,0.0,1061703.869,0.0,0.0,0.0,0.0,3,False,True,False,1.0,7.0
20,1.0,Прочие налоги,0.0,0.0,0.0,0.0,0.0,1061703.869,0.0,0.0,0.0,0.0,4,False,True,False,7.0,19.0
21,8.0,"Обязательные платежи, взимаемые за совершение юридически значимых действий и (или) выдачу документов уполномоченными на то государственными органами или должностными лицами",5993491.0,5993491.0,5993491.0,3490238.0,0.0,2870030.352,0.0,0.0,82.23021902804336,47.88578729825406,3,False,True,False,1.0,7.0
22,1.0,Государственная пошлина,5993491.0,5993491.0,5993491.0,3490238.0,0.0,2870030.352,0.0,0.0,82.23021902804336,47.88578729825406,4,False,True,False,8.0,21.0
23,2.0,НЕНАЛОГОВЫЕ ПОСТУПЛЕНИЯ,361446610.0,361446610.0,361446610.0,143394155.0,0.0,900506610.123,0.0,0.0,627.9939444693543,249.1395921856896,1,False,True,False,1.0,1.0
24,2.0,Неналоговые поступления,361446610.0,361446610.0,361446610.0,143394155.0,0.0,900506610.123,0.0,0.0,627.9939444693543,249.1395921856896,2,False,True,False,2.0,23.0
25,1.0,Доходы от государственной собственности,278678537.0,278678537.0,278678537.0,77226585.0,0.0,817257926.738,0.0,0.0,1058.2598294848854,293.26188357950224,3,False,True,False,2.0,24.0
26,1.0,Поступления части чистого дохода государственных предприятий,1188880.0,1188880.0,1188880.0,1188880.0,0.0,57760056.219,0.0,0.0,4858.358809888297,4858.358809888297,4,False,True,False,1.0,25.0
27,3.0,"Дивиденды на государственные пакеты акций, находящиеся в государственной собственности",188471891.0,188471891.0,188471891.0,9925157.0,0.0,695659433.103,0.0,0.0,7009.052180262741,369.1051378600537,4,False,True,False,1.0,25.0
28,4.0,"Доходы на доли участия в юридических лицах, находящиеся в государственной собственности",10298900.0,10298900.0,10298900.0,10298900.0,0.0,1054661.485,0.0,0.0,10.240525541562691,10.240525541562691,4,False,True,False,1.0,25.0
29,5.0,"Доходы от аренды  имущества, находящегося в государственной собственности",63853095.0,63853095.0,63853095.0,45443017.0,0.0,45941179.363,0.0,0.0,101.09623523235705,71.94824207503176,4,False,True,False,1.0,25.0
30,6.0,Вознаграждения за размещение бюджетных средств на банковских счетах,4280000.0,4280000.0,4280000.0,2700000.0,0.0,2980995.91,0.0,0.0,110.40725592592592,69.64943714953272,4,False,True,False,1.0,25.0
31,7.0,"Вознаграждения по кредитам, выданным из государственного бюджета",1223879.0,1223879.0,1223879.0,713052.0,0.0,905744.468,0.0,0.0,127.02362071770361,74.00604700301255,4,False,True,False,1.0,25.0
32,9.0,Прочие доходы от государственной собственности,9361892.0,9361892.0,9361892.0,6957579.0,0.0,12955856.19,0.0,0.0,186.21213197866672,138.38929342487606,4,False,True,False,1.0,25.0
33,2.0,"Поступления от реализации товаров (работ, услуг) государственными учреждениями, финансируемыми из государственного бюджета",6775033.0,6775033.0,6775033.0,4150250.0,0.0,4249398.768,0.0,0.0,102.38898302511896,62.72144752652865,3,False,True,False,2.0,24.0
34,1.0,"Поступления от реализации товаров (работ, услуг) государственными учреждениями, финансируемыми из государственного бюджета",6775033.0,6775033.0,6775033.0,4150250.0,0.0,4249398.768,0.0,0.0,102.38898302511896,62.72144752652865,4,False,True,False,2.0,33.0
35,3.0,"Поступления денег от проведения государственных закупок, организуемых государственными учреждениями, финансируемыми из государственного бюджета",245070.0,245070.0,245070.0,99796.0,0.0,280682.479,0.0,0.0,281.2562417331356,114.5315538417595,3,False,True,False,2.0,24.0
36,1.0,"Поступления денег от проведения государственных закупок, организуемых государственными учреждениями, финансируемыми из государственного бюджета",245070.0,245070.0,245070.0,99796.0,0.0,280682.479,0.0,0.0,281.2562417331356,114.5315538417595,4,False,True,False,3.0,35.0
37,4.0,"Штрафы, пени, санкции, взыскания, налагаемые государственными учреждениями, финансируемыми из государственного бюджета, а также содержащимися и финансируемыми из бюджета (сметы расходов) Национального Банка Республики Казахстан",868976.0,868976.0,868976.0,625641.0,0.0,25296307.223,0.0,0.0,4043.2623857771473,2911.0478566726815,3,False,True,False,2.0,24.0
38,1.0,"Штрафы, пени, санкции, взыскания, налагаемые государственными учреждениями, финансируемыми из государственного бюджета, а также содержащимися и финансируемыми из бюджета (сметы расходов) Национального Банка Республики Казахстан, за исключением поступлений от организаций нефтяного сектора, в Фонд компенсации потерпевшим, Фонд поддержки инфраструктуры образования и Специальный государственный фонд",868976.0,868976.0,868976.0,625641.0,0.0,25296307.223,0.0,0.0,4043.2623857771473,2911.0478566726815,4,False,True,False,4.0,37.0
39,5.0,Гранты,659665.0,659665.0,659665.0,0.0,0.0,0.0,0.0,0.0,0.0,0.0,3,False,True,False,2.0,24.0
40,2.0,Финансовая помощь,659665.0,659665.0,659665.0,0.0,0.0,0.0,0.0,0.0,0.0,0.0,4,False,True,False,5.0,39.0
41,6.0,Прочие неналоговые поступления,74219329.0,74219329.0,74219329.0,61291883.0,0.0,53422294.915,0.0,0.0,87.16047264366148,71.97895162188814,3,False,True,False,2.0,24.0
42,1.0,Прочие неналоговые поступления,74219329.0,74219329.0,74219329.0,61291883.0,0.0,53422294.915,0.0,0.0,87.16047264366148,71.97895162188814,4,False,True,False,6.0,41.0
43,3.0,ПОСТУПЛЕНИЯ ОТ ПРОДАЖИ ОСНОВНОГО КАПИТАЛА,2750000.0,2750000.0,2750000.0,1416668.0,0.0,4684403.128,0.0,0.0,330.6634389991162,170.34193192727273,1,False,True,False,1.0,1.0
44,3.0,Поступления от продажи основного капитала,2750000.0,2750000.0,2750000.0,1416668.0,0.0,4684403.128,0.0,0.0,330.6634389991162,170.34193192727273,2,False,True,False,3.0,43.0
45,2.0,Продажа товаров из государственного материального резерва,2750000.0,2750000.0,2750000.0,1416668.0,0.0,4684403.128,0.0,0.0,330.6634389991162,170.34193192727273,3,False,True,False,3.0,44.0
46,1.0,Продажа товаров из государственного материального резерва,2750000.0,2750000.0,2750000.0,1416668.0,0.0,4684403.128,0.0,0.0,330.6634389991162,170.34193192727273,4,False,True,False,2.0,45.0
47,4.0,ПОСТУПЛЕНИЯ ТРАНСФЕРТОВ,4070777706.0,4070777706.0,4070777706.0,3870636191.0,0.0,3900368314.573,0.0,0.0,100.7681456511499,95.81383696840459,1,False,True,False,1.0,1.0
48,4.0,Поступления трансфертов,4070777706.0,4070777706.0,4070777706.0,3870636191.0,0.0,3900368314.573,0.0,0.0,100.7681456511499,95.81383696840459,2,False,True,False,4.0,47.0
49,1.0,Трансферты из нижестоящих органов государственного управления,470777706.0,470777706.0,470777706.0,421636191.0,0.0,451368314.573,0.0,0.0,107.05160614948255,95.87716427952518,3,False,True,False,4.0,48.0
50,1.0,"Трансферты из областных бюджетов, бюджетов городов республиканского значения",470777706.0,470777706.0,470777706.0,421636191.0,0.0,451368314.573,0.0,0.0,107.05160614948255,95.87716427952518,4,False,True,False,1.0,49.0
51,4.0,Трансферты из Национального фонда,3600000000.0,3600000000.0,3600000000.0,3449000000.0,0.0,3449000000.0,0.0,0.0,100.0,95.80555555555556,3,False,True,False,4.0,48.0
52,1.0,Трансферты из Национального фонда в республиканский бюджет,3600000000.0,3600000000.0,3600000000.0,3449000000.0,0.0,3449000000.0,0.0,0.0,100.0,95.80555555555556,4,False,True,False,4.0,51.0
53,2.0,II. ЗАТРАТЫ,23316158487.0,23316158487.0,23380144061.0,15619167365.4,19105196779.5,14776388114.954,15661648501.216,885260386.2619991,94.60419860591963,63.20058625986924,0,False,True,False,,
58,1.0,Государственные услуги общего характера,1004521910.0,1004521910.0,1267541353.9,824217700.0,1039465105.8,767281527.029,874681852.969,107400325.93999994,93.09209533221625,60.53305674550268,1,False,True,False,2.0,53.0
59,1.0,"Представительные, исполнительные и другие органы, выполняющие общие функции государственного управления",159837538.0,159837538.0,278341251.5,215818815.7,257963930.5,208641457.568,247504074.34,38862616.772000015,96.67435941174985,74.95887025139713,2,False,True,False,1.0,58.0
60,101.0,Администрация Президента Республики Казахстан,18409928.0,18409928.0,18409928.0,10768406.0,13629893.0,10403136.32,13270238.092,2867101.772,96.60795033173898,56.508294437653426,3,False,True,False,1.0,59.0
61,106.0,Национальный центр по правам человека,1300889.0,1300889.0,1300889.0,956133.0,984383.0,855497.331,885100.564,29603.233000000007,89.47472067170571,65.76251555666931,3,False,True,False,1.0,59.0
62,107.0,Аппарат Высшего Судебного Совета Республики Казахстан      ,823560.0,823560.0,750323.0,510254.0,549072.0,506981.452,535178.494,28197.041999999958,99.35864334233538,67.56842746390555,3,False,True,False,1.0,59.0
63,109.0,Аппарат Правительства Республики Казахстан,4357564.0,4357564.0,4664672.0,3357898.0,3809401.0,2951767.3,3544155.145,592387.8450000002,87.90521034289903,63.27920376823922,3,False,True,False,1.0,59.0
64,626.0,ГУ Агентство по стратегическому планированию и реформам Республики Казахстан,18776659.0,18776659.0,18811254.0,12508331.8,14220846.0,12491520.213,13711456.394,1219936.1809999999,99.86559688958681,66.40450558479513,3,False,True,False,1.0,59.0
65,637.0,Аппарат Конституционного Суда Республики Казахстан,1641424.0,1641424.0,1641424.0,1173582.0,1253601.0,1024092.38,1139391.378,115298.99800000002,87.26210695119727,62.39048411623078,3,False,True,False,1.0,59.0
66,690.0,Центральная избирательная комиссия Республики Казахстан,12847286.0,12847286.0,12246767.9,6335286.9,9164523.9,5709182.138,8661997.689,2952815.550999999,90.11718376953063,46.61786836018996,3,False,True,False,1.0,59.0
67,693.0,Управление материально-технического обеспечения ,27894336.0,27894336.0,34777288.3,27292420.5,31723612.0,24273881.368,31226031.594,6952150.226,88.9400094359531,69.79808534410661,3,False,True,False,1.0,59.0
68,694.0,Управление Делами Президента Республики Казахстан,73785892.0,73785892.0,185738705.3,152916503.5,182628598.6,150425399.066,174530524.99,24105125.923999995,98.3709381414152,80.9876427333964,3,False,True,False,1.0,59.0
69,2.0,Финансовая деятельность,79545246.0,79545246.0,80021190.7,43142116.0,53320783.7,38856546.58,40239630.019,1383083.439000003,90.0663902994466,48.557821047269165,2,False,True,False,1.0,58.0
70,217.0,Министерство финансов Республики Казахстан,43799931.0,43799931.0,44265928.0,11175795.3,20928837.0,10884459.545,11888269.487,1003809.9419999998,97.39315415879172,24.588797833403607,3,False,True,False,2.0,69.0
71,229.0,Министерство промышленности и строительства Республики Казахстан,20000000.0,20000000.0,20000000.0,20000000.0,20000000.0,20000000.0,20000000.0,0.0,100.0,100.0,3,False,True,False,2.0,69.0
72,406.0,Высшая аудиторская палата Республики Казахстан,5022862.0,5022862.0,5032809.7,3727574.7,3908097.7,3170488.186,3549761.683,379273.497,85.05498725484965,62.996385219969675,3,False,True,False,2.0,69.0
73,625.0,Агентство Республики Казахстан по регулированию и развитию финансового рынка,10722453.0,10722453.0,10722453.0,8238746.0,8483849.0,4801598.849,4801598.849,0.0,58.28070010897291,44.78078709228196,3,False,True,False,2.0,69.0
74,3.0,Внешнеполитическая деятельность,108466134.0,108466134.0,107102652.4,76335001.0,77363032.4,74942663.63,75966796.786,1024133.1560000032,98.17601709339074,69.9727429252723,2,False,True,False,1.0,58.0
75,204.0,Министерство иностранных дел Республики Казахстан,106263746.0,106263746.0,104971154.4,75654041.6,76682073.0,74285591.299,75309724.455,1024133.1560000032,98.19117356844555,70.76762347104376,3,False,True,False,3.0,74.0
76,207.0,Министерство экологии и природных ресурсов Республики Казахстан,0.0,0.0,11883.0,6723.8,6723.8,6723.774,6723.774,0.0,99.99961331389989,56.5831355718253,3,False,True,False,3.0,74.0
77,217.0,Министерство финансов Республики Казахстан,0.0,0.0,23503.0,23503.0,23503.0,23502.998,23502.998,0.0,99.99999149044802,99.99999149044802,3,False,True,False,3.0,74.0
78,224.0,Министерство просвещения Республики Казахстан ,0.0,0.0,6783.0,6783.0,6783.0,0.0,0.0,0.0,0.0,0.0,3,False,True,False,3.0,74.0
79,227.0,Министерство науки и высшего образования Республики Казахстан,0.0,0.0,6783.0,6638.4,6638.4,6638.352,6638.352,0.0,99.99927693420102,97.86749226006192,3,False,True,False,3.0,74.0
80,228.0,Министерство транспорта Республики Казахстан,0.0,0.0,12468.0,12468.0,12468.0,12374.609,12374.609,0.0,99.25095444337504,99.25095444337504,3,False,True,False,3.0,74.0
81,229.0,Министерство промышленности и строительства Республики Казахстан,0.0,0.0,23741.0,23741.0,23741.0,6770.92,6770.92,0.0,28.51994439998315,28.51994439998315,3,False,True,False,3.0,74.0
82,243.0,Министерство национальной экономики Республики Казахстан  ,2202388.0,2202388.0,1802140.0,453365.2,453365.2,453326.68,453326.68,0.0,99.99150353842774,25.15490916355,3,False,True,False,3.0,74.0
83,624.0,Агентство Республики Казахстан по противодействию коррупции (Антикоррупционная служба),0.0,0.0,5100.0,5100.0,5100.0,5099.659,5099.659,0.0,99.99331372549018,99.99331372549018,3,False,True,False,3.0,74.0
84,626.0,ГУ Агентство по стратегическому планированию и реформам Республики Казахстан,0.0,0.0,93483.0,6640.0,6640.0,6639.18,6639.18,0.0,99.98765060240964,7.10201854882706,3,False,True,False,3.0,74.0
85,627.0,ГУ Агентство по защите и развитию конкуренции Республики Казахстан,0.0,0.0,145614.0,135997.0,135997.0,135996.159,135996.159,0.0,99.99938160400598,93.39497507107835,3,False,True,False,3.0,74.0
86,4.0,Фундаментальные научные исследования,217263248.0,217263248.0,191448299.0,105287608.9,159002000.3,99502743.531,125310444.731,25807701.200000003,94.50565415110306,51.97368900676417,2,False,True,False,1.0,58.0
87,202.0,Министерство по чрезвычайным ситуациям Республики Казахстан,0.0,0.0,157287.0,102237.0,157287.0,102235.5,157287.0,55051.5,99.99853282079873,64.99933243052509,3,False,True,False,4.0,86.0
88,207.0,Министерство экологии и природных ресурсов Республики Казахстан,0.0,0.0,1056184.0,950566.0,1056184.0,950566.0,1056184.0,105618.0,100.0,90.00003787218893,3,False,True,False,4.0,86.0
89,208.0,Министерство обороны Республики Казахстан,0.0,0.0,27659.0,22127.2,27659.0,22127.2,27659.0,5531.799999999999,100.0,80.0,3,False,True,False,4.0,86.0
90,212.0,Министерство сельского хозяйства Республики Казахстан,0.0,0.0,2126822.0,1622744.2,2126822.0,1622743.35,2126822.0,504078.6499999999,99.99994761959402,76.29897330383079,3,False,True,False,4.0,86.0
91,213.0,Министерство труда и социальной защиты населения Республики Казахстан,0.0,0.0,211810.0,158857.0,211810.0,158857.0,211810.0,52953.0,100.0,74.99976393937963,3,False,True,False,4.0,86.0
92,223.0,"Министерство цифрового развития, инноваций и аэрокосмической промышленности Республики Казахстан",0.0,0.0,188108.0,122271.0,188108.0,122270.2,188108.0,65837.8,99.99934571566438,65.0,3,False,True,False,4.0,86.0
93,224.0,Министерство просвещения Республики Казахстан ,0.0,0.0,143547.0,129193.0,143547.0,129192.3,143547.0,14354.699999999997,99.99945817497853,90.0,3,False,True,False,4.0,86.0
94,226.0,Министерство здравоохранения Республики Казахстан,0.0,0.0,2096893.0,1319142.0,2096893.0,1319141.957,2096892.484,777750.527,99.99999674030545,62.9093595619805,3,False,True,False,4.0,86.0
95,227.0,Министерство науки и высшего образования Республики Казахстан,217263248.0,217263248.0,184353131.0,100046494.5,151906832.3,94323171.584,118215277.247,23892105.662999988,94.2793368777154,51.16439903806136,3,False,True,False,4.0,86.0
96,228.0,Министерство транспорта Республики Казахстан,0.0,0.0,72948.0,44514.0,72948.0,44514.0,72948.0,28434.0,100.0,61.02154959697319,3,False,True,False,4.0,86.0
97,229.0,Министерство промышленности и строительства Республики Казахстан,0.0,0.0,841839.0,628601.0,841839.0,567063.14,841839.0,274775.86,90.21034646779118,67.36004627963304,3,False,True,False,4.0,86.0
98,241.0,Министерство энергетики Республики Казахстан,0.0,0.0,61671.0,41502.0,61671.0,41501.3,61671.0,20169.699999999997,99.99831333429715,67.29467659029366,3,False,True,False,4.0,86.0
99,652.0,Министерство водных ресурсов и ирригации Республики Казахстан,0.0,0.0,110400.0,99360.0,110400.0,99360.0,110400.0,11040.0,100.0,90.0,3,False,True,False,4.0,86.0
100,5.0,Планирование и статистическая деятельность,5021599.0,5021599.0,4686642.0,2679009.8,3630533.0,2419087.272,3040457.644,621370.372,90.29781346824487,51.6166430463432,2,False,True,False,1.0,58.0
101,243.0,Министерство национальной экономики Республики Казахстан  ,1580252.0,1580252.0,1152005.0,1005000.0,1005000.0,774999.975,774999.975,0.0,77.11442537313432,67.27401139751997,3,False,True,False,5.0,100.0
102,626.0,ГУ Агентство по стратегическому планированию и реформам Республики Казахстан,3441347.0,3441347.0,3534637.0,1674009.8,2625533.0,1644087.297,2265457.669,621370.3720000002,98.21252521938641,46.51361078945306,3,False,True,False,5.0,100.0
103,6.0,Общие кадровые вопросы,520926.0,520926.0,520926.0,364142.0,497926.0,364142.0,497925.999,133783.999,100.0,69.9028268890399,2,False,True,False,1.0,58.0
104,608.0,Агентство Республики Казахстан по делам государственной службы,520926.0,520926.0,520926.0,364142.0,497926.0,364142.0,497925.999,133783.999,100.0,69.9028268890399,3,False,True,False,6.0,103.0
105,9.0,Прочие государственные услуги общего характера,433867219.0,433867219.0,605420392.3,380591006.6,487686899.9,342554886.448,382122523.45,39567637.001999974,90.00603811114858,56.58132610079907,2,False,True,False,1.0,58.0
106,201.0,Министерство внутренних дел Республики Казахстан,168160704.0,168160704.0,167768344.5,113236706.8,117509433.5,111470821.982,114903650.268,3432828.2860000134,98.44053675888073,66.44329853418802,3,False,True,False,9.0,105.0
107,204.0,Министерство иностранных дел Республики Казахстан,770613.0,770613.0,770613.0,460119.0,709104.0,399232.625,701522.0,302289.375,86.76725477539506,51.80714898399067,3,False,True,False,9.0,105.0
108,207.0,Министерство экологии и природных ресурсов Республики Казахстан,9632143.0,9632143.0,8730009.9,5563742.4,5960915.1,5234299.821,5601155.065,366855.24399999995,94.07875930776378,59.95754736772979,3,False,True,False,9.0,105.0
109,211.0,Министерство торговли и интеграции Республики Казахстан,6641333.0,6641333.0,8231009.0,5410147.5,7037921.0,3426390.125,3918894.188,492504.0630000001,63.332656364729424,41.62782624827649,3,False,True,False,9.0,105.0
110,217.0,Министерство финансов Республики Казахстан,141605826.0,141605826.0,143230502.4,87426594.2,102655855.1,87215272.505,96132243.864,8916971.358999997,99.75828671248867,60.891549665471246,3,False,True,False,9.0,105.0
111,223.0,"Министерство цифрового развития, инноваций и аэрокосмической промышленности Республики Казахстан",32302734.0,32302734.0,50232057.6,31835907.6,46394318.6,3858937.533,18587503.898,14728566.364999998,12.121336641271064,7.682220711978161,3,False,True,False,9.0,105.0
112,228.0,Министерство транспорта Республики Казахстан,11397038.0,11397038.0,53091819.6,32986463.1,51230966.6,31725657.894,32725021.994,999364.0999999978,96.17781026666057,59.756207515630145,3,False,True,False,9.0,105.0
113,229.0,Министерство промышленности и строительства Республики Казахстан,6399674.0,6399674.0,50672869.5,30790388.5,49182009.5,30468475.197,30940912.264,472437.06699999794,98.95450067802814,60.12778731032786,3,False,True,False,9.0,105.0
114,241.0,Министерство энергетики Республики Казахстан,6418395.0,6418395.0,39479120.9,27427314.5,37218747.3,27302594.395,27730371.877,427777.4820000008,99.54527044563551,69.15704750406437,3,False,True,False,9.0,105.0
115,243.0,Министерство национальной экономики Республики Казахстан  ,10725295.0,10725295.0,33286592.8,13040381.4,30528988.0,12870738.459,14627997.855,1757259.3959999997,98.69909525038892,38.66643406951522,3,False,True,False,9.0,105.0
116,406.0,Высшая аудиторская палата Республики Казахстан,750954.0,750954.0,750954.0,570372.0,750954.0,474340.907,750954.0,276613.093,83.16342790319301,63.16510824897398,3,False,True,False,9.0,105.0
117,608.0,Агентство Республики Казахстан по делам государственной службы,4927928.0,4927928.0,4821482.0,3262485.5,3723698.0,2904194.045,3322666.9,418472.855,89.01783762717106,60.23446826100357,3,False,True,False,9.0,105.0
118,627.0,ГУ Агентство по защите и развитию конкуренции Республики Казахстан,3669550.0,3669550.0,3772612.0,2527506.0,2746792.0,2437251.812,2636495.834,199244.02199999988,96.42912072216643,64.60382917723847,3,False,True,False,9.0,105.0
119,628.0,Агентство Республики Казахстан по финансовому мониторингу,16256930.0,16256930.0,16914162.7,11231597.2,12190953.7,10018150.318,10848191.997,830041.6789999995,89.196132478825,59.22936000846203,3,False,True,False,9.0,105.0
120,651.0,Министерство культуры и информации Республики Казахстан,5814911.0,5814911.0,5814911.0,3287858.1,5566376.3,3190854.367,5349928.837,2159074.47,97.0496374828342,54.873657859939726,3,False,True,False,9.0,105.0
121,652.0,Министерство водных ресурсов и ирригации Республики Казахстан,8393191.0,8393191.0,17853331.4,11533422.8,14279867.2,9557674.463,13345012.609,3787338.1459999997,82.86936695843666,53.53440346152988,3,False,True,False,9.0,105.0
122,2.0,Оборона,1187630161.0,1187630161.0,1166803770.6,697008589.8,776753311.8,630623774.168,716787975.551,86164201.38300002,90.47575358417771,54.04711486694265,1,False,True,False,2.0,53.0
123,1.0,Военные нужды,965953723.0,965953723.0,957446292.9,556513178.8,615345397.6,515719979.966,562617847.893,46897867.926999986,92.66985933343724,53.864115803711634,2,False,True,False,2.0,122.0
124,208.0,Министерство обороны Республики Казахстан,544676421.0,544676421.0,536168990.9,338858817.1,397691035.9,333911630.961,380809498.888,46897867.926999986,98.540045030748,62.277311188866825,3,False,True,False,1.0,123.0
125,229.0,Министерство промышленности и строительства Республики Казахстан,421277302.0,421277302.0,421277302.0,217654361.7,217654361.7,181808349.005,181808349.005,0.0,83.53076298815104,43.15645493879469,3,False,True,False,1.0,123.0
126,2.0,Организация работы по чрезвычайным ситуациям,221676438.0,221676438.0,209357477.7,140495411.0,161407914.2,114903794.202,154170127.658,39266333.455999985,81.78473117673573,54.88401726288089,2,False,True,False,2.0,122.0
127,202.0,Министерство по чрезвычайным ситуациям Республики Казахстан,221676438.0,221676438.0,209357477.7,140495411.0,161407914.2,114903794.202,154170127.658,39266333.455999985,81.78473117673573,54.88401726288089,3,False,True,False,2.0,126.0
128,3.0,"Общественный порядок, безопасность, правовая, судебная, уголовно-исполнительная деятельность",1278199119.0,1278199119.0,1273850147.5,801702540.3,959019387.0,739552705.994,840322603.771,100769897.77700007,92.24776881925017,58.056491765959464,1,False,True,False,2.0,53.0
129,1.0,Правоохранительная деятельность,371321572.0,371321572.0,373708709.8,243373919.9,293906402.8,208601702.052,274904495.088,66302793.03600001,85.71243054215194,55.81933109443412,2,False,True,False,3.0,128.0
130,201.0,Министерство внутренних дел Республики Казахстан,334295062.0,334295062.0,335841455.0,216245220.1,265847893.0,183926236.636,248879751.69,64953515.05399999,85.05447498490165,54.765793173448465,3,False,True,False,1.0,129.0
131,624.0,Агентство Республики Казахстан по противодействию коррупции (Антикоррупционная служба),29688770.0,29688770.0,30629514.8,22206260.8,22930331.8,19931222.142,21082771.909,1151549.767000001,89.75496740090524,65.07194864869358,3,False,True,False,1.0,129.0
132,628.0,Агентство Республики Казахстан по финансовому мониторингу,7337740.0,7337740.0,7237740.0,4922439.0,5128178.0,4744243.274,4941971.489,197728.21499999985,96.37993023377233,65.54868334590633,3,False,True,False,1.0,129.0
133,2.0,Правовая деятельность,4496610.0,4496610.0,4051077.0,2611120.0,3264484.0,2553766.904,3244150.65,690383.7459999998,97.80350592849047,63.03920917820126,2,False,True,False,3.0,128.0
134,221.0,Министерство юстиции Республики Казахстан,4496610.0,4496610.0,4051077.0,2611120.0,3264484.0,2553766.904,3244150.65,690383.7459999998,97.80350592849047,63.03920917820126,3,False,True,False,2.0,133.0
135,3.0,Судебная деятельность,94119048.0,94119048.0,95086059.0,70456522.1,74188891.4,60501537.26,66126161.911,5624624.651000001,85.87074050309957,63.62818892304707,2,False,True,False,3.0,128.0
136,501.0,Верховный Суд Республики Казахстан,94119048.0,94119048.0,95086059.0,70456522.1,74188891.4,60501537.26,66126161.911,5624624.651000001,85.87074050309957,63.62818892304707,3,False,True,False,3.0,135.0
137,4.0,Деятельность по обеспечению законности и правопорядка,59701933.0,59701933.0,59613366.8,41630048.8,46529565.8,32315384.141,39157188.005,6841803.864000004,77.62514114804497,54.20828561724515,2,False,True,False,3.0,128.0
138,502.0,Генеральная прокуратура Республики Казахстан,59701933.0,59701933.0,59613366.8,41630048.8,46529565.8,32315384.141,39157188.005,6841803.864000004,77.62514114804497,54.20828561724515,3,False,True,False,4.0,137.0
139,5.0,"Деятельность по обеспечению безопасности личности, общества и государства",636260331.0,636260331.0,630271370.9,371289285.8,447267414.2,368771995.226,368817748.971,45753.74500000477,99.3220136776702,58.51003428878734,2,False,True,False,3.0,128.0
140,109.0,Аппарат Правительства Республики Казахстан,1792518.0,1792518.0,1792518.0,1165141.0,1220184.0,1084564.646,1130318.391,45753.74500000011,93.08441175789024,60.505090939114694,3,False,True,False,5.0,139.0
141,410.0,Комитет национальной безопасности Республики Казахстан,586881147.0,586881147.0,578074610.0,340380790.0,408591880.2,338040824.187,338040824.187,0.0,99.3125446906096,58.47702326642577,3,False,True,False,5.0,139.0
142,681.0,Служба государственной охраны Республики Казахстан,47586666.0,47586666.0,50404242.9,29743354.8,37455350.0,29646606.393,29646606.393,0.0,99.67472261400721,58.817680193744174,3,False,True,False,5.0,139.0
143,6.0,Уголовно-исполнительная система,70715156.0,70715156.0,70886835.0,50923706.0,57588277.0,46238478.635,55978867.852,9740389.217,90.79951611337948,65.22858389008339,2,False,True,False,3.0,128.0
144,201.0,Министерство внутренних дел Республики Казахстан,70715156.0,70715156.0,70886835.0,50923706.0,57588277.0,46238478.635,55978867.852,9740389.217,90.79951611337948,65.22858389008339,3,False,True,False,6.0,143.0
145,9.0,Прочие услуги в области общественного порядка и безопасности,41584469.0,41584469.0,40232729.0,21417937.7,36274351.8,20569841.776,32093991.294,11524149.518,96.04025403435553,51.127135263431924,2,False,True,False,3.0,128.0
146,221.0,Министерство юстиции Республики Казахстан,41584469.0,41584469.0,40232729.0,21417937.7,36274351.8,20569841.776,32093991.294,11524149.518,96.04025403435553,51.127135263431924,3,False,True,False,9.0,145.0
147,4.0,Образование,1643205800.0,1643205800.0,1633341259.9,961711861.3,1458891446.5,888075803.184,1006920967.694,118845164.50999999,92.34323074517746,54.371724084063835,1,False,True,False,2.0,53.0
148,1.0,Дошкольное воспитание и обучение,95839670.0,95839670.0,95839670.0,61173128.1,89320434.0,61169771.18,61239472.628,69701.44799999893,99.99451242709951,63.82510622167209,2,False,True,False,4.0,147.0
149,224.0,Министерство просвещения Республики Казахстан ,95839670.0,95839670.0,95839670.0,61173128.1,89320434.0,61169771.18,61239472.628,69701.44799999893,99.99451242709951,63.82510622167209,3,False,True,False,1.0,148.0
150,2.0,"Начальное, основное среднее и общее среднее образование",862383086.0,862383086.0,861189959.0,478632816.9,825984789.7,413117011.601,435825728.161,22708716.560000002,86.31188606679093,47.97048633505956,2,False,True,False,4.0,147.0
151,208.0,Министерство обороны Республики Казахстан,1609954.0,1609954.0,1609954.0,953508.0,1120062.0,916095.021,944889.329,28794.308000000077,96.07628053461534,56.901937633000685,3,False,True,False,2.0,150.0
152,224.0,Министерство просвещения Республики Казахстан ,842445076.0,842445076.0,842445076.0,465866371.2,811434102.9,401933199.744,423163317.696,21230117.951999962,86.2764999990624,47.71031503352273,3,False,True,False,2.0,150.0
153,227.0,Министерство науки и высшего образования Республики Казахстан,4641787.0,4641787.0,4641787.0,4078541.0,4078541.0,3010561.492,3010561.492,0.0,73.81466784323119,64.85781213140542,3,False,True,False,2.0,150.0
154,650.0,Министерство туризма и спорта Республики Казахстан,9949980.0,9949980.0,8756853.0,5190678.1,6665715.9,5048188.211,6241905.966,1193717.755,97.2548887398739,57.64842930445446,3,False,True,False,2.0,150.0
155,651.0,Министерство культуры и информации Республики Казахстан,3736289.0,3736289.0,3736289.0,2543718.6,2686367.9,2208967.133,2465053.678,256086.54499999993,86.84007472367422,59.121955849775,3,False,True,False,2.0,150.0
156,4.0,"Техническое и профессиональное, послесреднее образование",60650517.0,60650517.0,60650517.0,27773107.7,53968641.5,26887680.674,30162345.734,3274665.0600000024,96.81192671859333,44.332154124918674,2,False,True,False,4.0,147.0
157,208.0,Министерство обороны Республики Казахстан,1827442.0,1827442.0,1827442.0,1122487.8,1287300.0,1103751.677,1139081.594,35329.91700000013,98.33083949776558,60.3987254862261,3,False,True,False,4.0,156.0
158,224.0,Министерство просвещения Республики Казахстан ,54962647.0,54962647.0,54962647.0,23894602.9,49263215.5,23546230.992,26123457.135,2577226.143000003,98.54204771906882,42.84042395556386,3,False,True,False,4.0,156.0
159,651.0,Министерство культуры и информации Республики Казахстан,3860428.0,3860428.0,3860428.0,2756017.0,3418126.0,2237698.005,2899807.005,662109.0,81.19318585480423,57.96502369685433,3,False,True,False,4.0,156.0
160,5.0,Переподготовка и повышение квалификации специалистов,17353990.0,17353990.0,14731304.0,9764282.3,14341002.6,9080336.671,13692229.271,4611892.6,92.99543368384586,61.639734479717475,2,False,True,False,4.0,147.0
161,106.0,Национальный центр по правам человека,0.0,0.0,2302.9,2302.9,2302.9,54.96,1951.08,1896.12,2.386556081462504,2.386556081462504,3,False,True,False,5.0,160.0
162,201.0,Министерство внутренних дел Республики Казахстан,0.0,0.0,504.0,343.8,343.8,261.12,261.12,0.0,75.95113438045375,51.8095238095238,3,False,True,False,5.0,160.0
163,202.0,Министерство по чрезвычайным ситуациям Республики Казахстан,0.0,0.0,5913.1,4715.2,4875.2,1585.6,4408.16,2822.56,33.627417712928406,26.815037797432815,3,False,True,False,5.0,160.0
164,204.0,Министерство иностранных дел Республики Казахстан,0.0,0.0,7007.4,4141.0,7007.4,3633.088,7006.838,3373.7499999999995,87.73455687032119,51.846448040642755,3,False,True,False,5.0,160.0
165,207.0,Министерство экологии и природных ресурсов Республики Казахстан,0.0,0.0,9324.7,8548.5,9324.7,668.84,6502.88,5834.04,7.824062701058665,7.172777676493613,3,False,True,False,5.0,160.0
166,211.0,Министерство торговли и интеграции Республики Казахстан,0.0,0.0,7003.6,5106.6,7003.6,4529.04,5126.88,597.8400000000001,88.68993067794618,64.66731395282426,3,False,True,False,5.0,160.0
167,212.0,Министерство сельского хозяйства Республики Казахстан,0.0,0.0,46452.7,30844.3,44558.4,20114.42,39201.94,19087.520000000004,65.21276216351157,43.30086302841385,3,False,True,False,5.0,160.0
168,213.0,Министерство труда и социальной защиты населения Республики Казахстан,0.0,0.0,9241.5,7219.1,8208.3,5786.88,8205.12,2418.2400000000007,80.16068484991203,62.618406102905375,3,False,True,False,5.0,160.0
169,217.0,Министерство финансов Республики Казахстан,0.0,0.0,179175.5,167256.2,179175.5,167256.2,179166.24,11910.039999999979,100.0,93.34769541594694,3,False,True,False,5.0,160.0
170,221.0,Министерство юстиции Республики Казахстан,13740.0,13740.0,34543.3,21669.2,34543.3,15878.784,32236.934,16358.150000000001,73.2781274804792,45.96776798974041,3,False,True,False,5.0,160.0
171,223.0,"Министерство цифрового развития, инноваций и аэрокосмической промышленности Республики Казахстан",0.0,0.0,7419.6,6183.1,7419.6,4506.72,7364.64,2857.92,72.88771004835762,60.74074074074074,3,False,True,False,5.0,160.0
172,224.0,Министерство просвещения Республики Казахстан ,13245136.0,13245136.0,10627909.4,7229660.6,10576857.4,6752713.492,10266580.16,3513866.6680000005,93.40291150043751,63.53755228662374,3,False,True,False,5.0,160.0
173,226.0,Министерство здравоохранения Республики Казахстан,310999.0,310999.0,376612.5,30462.0,226913.1,30232.36,64592.24,34359.88,99.24614273521108,8.027444654651665,3,False,True,False,5.0,160.0
174,227.0,Министерство науки и высшего образования Республики Казахстан,0.0,0.0,3338.9,3146.6,3338.9,659.52,3338.82,2679.3,20.959766096739337,19.752613136062774,3,False,True,False,5.0,160.0
175,228.0,Министерство транспорта Республики Казахстан,0.0,0.0,12060.8,9910.2,12060.8,8154.24,11283.36,3129.120000000001,82.28128594781133,67.60944547625365,3,False,True,False,5.0,160.0
176,229.0,Министерство промышленности и строительства Республики Казахстан,0.0,0.0,4577.5,3835.6,4577.5,3352.56,4561.68,1209.1200000000003,87.40640317029931,73.2399781540142,3,False,True,False,5.0,160.0
177,241.0,Министерство энергетики Республики Казахстан,0.0,0.0,9235.6,8032.7,9235.6,8032.56,8994.96,962.3999999999987,99.99825712400563,86.97388366754731,3,False,True,False,5.0,160.0
178,243.0,Министерство национальной экономики Республики Казахстан  ,55818.0,55818.0,76532.8,10856.5,76484.7,10158.896,76388.408,66229.51199999999,93.57431953207757,13.273911316455166,3,False,True,False,5.0,160.0
179,501.0,Верховный Суд Республики Казахстан,720868.0,720868.0,768058.4,575539.1,584959.4,418462.443,432750.963,14288.51999999996,72.70790863731065,54.48315427576862,3,False,True,False,5.0,160.0
180,502.0,Генеральная прокуратура Республики Казахстан,0.0,0.0,1711.5,1615.2,1615.2,1615.2,1615.2,0.0,100.0,94.37335670464505,3,False,True,False,5.0,160.0
181,608.0,Агентство Республики Казахстан по делам государственной службы,2999701.0,2999701.0,2483823.6,1594614.6,2483823.6,1593677.54,2483820.32,890142.7799999998,99.94123595757871,64.16226740095392,3,False,True,False,5.0,160.0
182,624.0,Агентство Республики Казахстан по противодействию коррупции (Антикоррупционная служба),0.0,0.0,1073.7,998.1,1073.7,657.64,1044.84,387.19999999999993,65.88918945997395,61.249883580143425,3,False,True,False,5.0,160.0
183,626.0,ГУ Агентство по стратегическому планированию и реформам Республики Казахстан,0.0,0.0,26503.9,17737.0,24322.9,17262.888,24239.808,6976.920000000002,97.3269887805153,65.1333879164953,3,False,True,False,5.0,160.0
184,627.0,ГУ Агентство по защите и развитию конкуренции Республики Казахстан,0.0,0.0,5958.3,5157.0,5958.3,4512.4,5958.24,1445.8400000000001,87.50048477797168,75.73301109376834,3,False,True,False,5.0,160.0
185,628.0,Агентство Республики Казахстан по финансовому мониторингу,0.0,0.0,7443.4,5359.9,7443.4,1812.4,7443.4,5631.0,33.8140636952182,24.349087782465002,3,False,True,False,5.0,160.0
186,650.0,Министерство туризма и спорта Республики Казахстан,0.0,0.0,2802.0,1320.0,2802.0,0.0,2720.52,2720.52,0.0,0.0,3,False,True,False,5.0,160.0
187,651.0,Министерство культуры и информации Республики Казахстан,7728.0,7728.0,10036.4,4461.5,10036.4,1978.56,2308.32,329.7600000000002,44.34741678807576,19.713841616515882,3,False,True,False,5.0,160.0
188,652.0,Министерство водных ресурсов и ирригации Республики Казахстан,0.0,0.0,4242.3,2833.1,4242.3,2448.56,2661.56,213.0,86.42688221382937,57.71774744831812,3,False,True,False,5.0,160.0
189,694.0,Управление Делами Президента Республики Казахстан,0.0,0.0,494.7,412.7,494.7,329.76,494.64,164.88,79.90307729585655,66.65858095815645,3,False,True,False,5.0,160.0
190,6.0,Высшее и послевузовское образование,545637717.0,545637717.0,532060137.0,341057389.4,420377653.9,337118053.614,416726700.525,79608646.91099995,98.844963953741,63.36089290861495,2,False,True,False,4.0,147.0
191,208.0,Министерство обороны Республики Казахстан,17783050.0,17783050.0,17783050.0,11365774.2,12142996.0,11187706.217,11404832.529,217126.311999999,98.43329649290412,62.9121900742561,3,False,True,False,6.0,190.0
192,226.0,Министерство здравоохранения Республики Казахстан,42848554.0,42848554.0,42848554.0,28099382.5,34508297.1,27759629.064,34504157.822,6744528.757999998,98.79088646876848,64.78545125233397,3,False,True,False,6.0,190.0
193,227.0,Министерство науки и высшего образования Республики Казахстан,481802855.0,481802855.0,468225275.0,299394121.7,371277122.8,296289697.907,368564033.085,72274335.17799997,98.96309794749052,63.27930458410217,3,False,True,False,6.0,190.0
194,502.0,Генеральная прокуратура Республики Казахстан,3203258.0,3203258.0,3203258.0,2198111.0,2449238.0,1881020.426,2253677.089,372656.6630000002,85.57440575111994,58.72210187253103,3,False,True,False,6.0,190.0
195,9.0,Прочие услуги в области образования,61340820.0,61340820.0,68869672.9,43311136.9,54898924.8,40702949.444,49274491.375,8571541.931000002,93.97802126039319,59.10141246510842,2,False,True,False,4.0,147.0
196,201.0,Министерство внутренних дел Республики Казахстан,17511851.0,17511851.0,17511851.0,9980030.0,13723871.0,8442750.127,13013421.237,4570671.109999999,84.59644036140173,48.211637519072085,3,False,True,False,9.0,195.0
197,202.0,Министерство по чрезвычайным ситуациям Республики Казахстан,2475827.0,2475827.0,2475827.0,1470871.0,1909529.0,1252347.463,1713569.964,461222.50099999993,85.14325613870965,50.5829956212611,3,False,True,False,9.0,195.0
198,224.0,Министерство просвещения Республики Казахстан ,11389027.0,11389027.0,18922053.3,12902650.1,17321625.1,12561061.963,13222632.063,661570.0999999996,97.35257381737415,66.38318666505394,3,False,True,False,9.0,195.0
199,227.0,Министерство науки и высшего образования Республики Казахстан,7271149.0,7271149.0,7266975.6,4819120.1,6270144.0,4639978.859,6049222.205,1409243.346,96.28269814234346,63.85020556557257,3,False,True,False,9.0,195.0
200,650.0,Министерство туризма и спорта Республики Казахстан,3546817.0,3546817.0,3546817.0,1951695.0,2403697.0,1951692.409,2403695.169,452002.76000000024,99.99986724360107,55.026588882369744,3,False,True,False,9.0,195.0
201,651.0,Министерство культуры и информации Республики Казахстан,19146149.0,19146149.0,19146149.0,12186770.7,13270058.7,11855118.623,12871950.737,1016832.1140000001,97.27858933950402,61.91907637927606,3,False,True,False,9.0,195.0
202,5.0,Здравоохранение,2383119489.0,2383119489.0,2425033659.8,1593646027.0,1698199348.0,1205255843.062,1255477067.499,50221224.437000036,75.62882990590232,49.70058201837087,1,False,True,False,2.0,53.0
203,1.0,Больницы широкого профиля,9142857.0,9142857.0,9142857.0,6865898.8,7212596.5,6353439.533,6933732.581,580293.0480000004,92.53616632100665,69.49074597798041,2,False,True,False,5.0,202.0
204,208.0,Министерство обороны Республики Казахстан,9142857.0,9142857.0,9142857.0,6865898.8,7212596.5,6353439.533,6933732.581,580293.0480000004,92.53616632100665,69.49074597798041,3,False,True,False,1.0,203.0
205,2.0,Охрана здоровья населения,2319081764.0,2319081764.0,2306059417.0,1531552140.6,1592926222.3,1145154408.226,1190240893.247,45086485.02099991,74.77084050023757,49.65849534422469,2,False,True,False,5.0,202.0
206,224.0,Министерство просвещения Республики Казахстан ,1464632.0,1464632.0,1464632.0,969286.0,1359340.0,926338.144,1342964.015,416625.8709999999,95.56912448957273,63.247159969193625,3,False,True,False,2.0,205.0
207,226.0,Министерство здравоохранения Республики Казахстан,2278953865.0,2278953865.0,2266185590.0,1505488073.6,1554095173.3,1120546608.818,1151426220.478,30879611.659999847,74.43078616614291,49.44637428472926,3,False,True,False,2.0,205.0
208,694.0,Управление Делами Президента Республики Казахстан,38663267.0,38663267.0,38409195.0,25094781.0,37471709.0,23681461.264,37471708.754,13790247.490000002,94.36807304275737,61.65570838961868,3,False,True,False,2.0,205.0
209,9.0,Прочие услуги в области здравоохранения,54894868.0,54894868.0,109831385.8,55227987.6,98060529.2,53747995.303,58302441.671,4554446.367999993,97.32021324456154,48.936827038560416,2,False,True,False,5.0,202.0
210,201.0,Министерство внутренних дел Республики Казахстан,7467137.0,7467137.0,7467137.0,5430053.0,5876866.0,4777130.143,5173645.888,396515.7450000001,87.97575535634735,63.97539167956876,3,False,True,False,9.0,209.0
211,202.0,Министерство по чрезвычайным ситуациям Республики Казахстан,3728144.0,3728144.0,3728144.0,2579689.0,2687123.0,2370560.151,2464669.902,94109.7509999997,91.89325345031901,63.58553078958323,3,False,True,False,9.0,209.0
212,226.0,Министерство здравоохранения Республики Казахстан,43699587.0,43699587.0,98636104.8,47218245.6,89496540.2,46600305.009,50664125.881,4063820.871999994,98.69130971905487,47.24467283403917,3,False,True,False,9.0,209.0
213,6.0,Социальная помощь и социальное обеспечение,5426904724.0,5426904724.0,5423547539.9,3575389303.4,3596091883.6,3575195071.191,3585205618.866,10010547.67500019,99.99456752279212,65.9198623205379,1,False,True,False,2.0,53.0
214,1.0,Социальное обеспечение,5376450081.0,5376450081.0,5374318557.0,3545373522.3,3553314360.5,3545329707.797,3553270545.993,7940838.196000099,99.99876417808379,65.96798589803056,2,False,True,False,6.0,213.0
215,213.0,Министерство труда и социальной защиты населения Республики Казахстан,5376450081.0,5376450081.0,5374318557.0,3545373522.3,3553314360.5,3545329707.797,3553270545.993,7940838.196000099,99.99876417808379,65.96798589803056,3,False,True,False,1.0,214.0
216,9.0,Прочие услуги в области социальной помощи и социального обеспечения,50454643.0,50454643.0,49228982.9,30015781.1,42777523.1,29865363.394,31935072.873,2069709.4789999984,99.49887125875928,60.66622065839999,2,False,True,False,6.0,213.0
217,213.0,Министерство труда и социальной защиты населения Республики Казахстан,50454643.0,50454643.0,49228982.9,30015781.1,42777523.1,29865363.394,31935072.873,2069709.4789999984,99.49887125875928,60.66622065839999,3,False,True,False,9.0,216.0
218,7.0,Жилищно-коммунальное хозяйство,446627485.0,446627485.0,446627485.0,220189211.7,439030653.0,213440868.7,213864915.7,424047.0,96.935207248394,47.78946121061045,1,False,True,False,2.0,53.0
219,1.0,Жилищное хозяйство,155209455.0,155209455.0,155209455.0,63266752.6,149668095.0,60777914.6,60800553.6,22639.0,96.06612020102324,39.158641849492994,2,False,True,False,7.0,218.0
220,229.0,Министерство промышленности и строительства Республики Казахстан,155209455.0,155209455.0,155209455.0,63266752.6,149668095.0,60777914.6,60800553.6,22639.0,96.06612020102324,39.158641849492994,3,False,True,False,1.0,219.0
221,2.0,Коммунальное хозяйство,291418030.0,291418030.0,291418030.0,156922459.1,289362558.0,152662954.1,153064362.1,401408.0,97.28559887193356,52.3862418876416,2,False,True,False,7.0,218.0
222,229.0,Министерство промышленности и строительства Республики Казахстан,291418030.0,291418030.0,291418030.0,156922459.1,289362558.0,152662954.1,153064362.1,401408.0,97.28559887193356,52.3862418876416,3,False,True,False,2.0,221.0
223,8.0,"Культура, спорт, туризм и информационное пространство",257779903.0,257779903.0,272203845.6,169800714.6,257594691.3,159071010.396,243850119.628,84779109.232,93.6810017382577,58.4381936432128,1,False,True,False,2.0,53.0
224,1.0,Деятельность в области культуры,58413217.0,58413217.0,58413217.0,39359702.2,46826307.6,31412812.619,39223434.143,7810621.524,79.80957899371504,53.77689199860367,2,False,True,False,8.0,223.0
225,651.0,Министерство культуры и информации Республики Казахстан,58413217.0,58413217.0,58413217.0,39359702.2,46826307.6,31412812.619,39223434.143,7810621.524,79.80957899371504,53.77689199860367,3,False,True,False,1.0,224.0
226,2.0,Спорт,108540399.0,108540399.0,100852328.0,55139050.2,100635399.2,54337533.69,100619489.543,46281955.853,98.54637229496564,53.87831373609938,2,False,True,False,8.0,223.0
227,650.0,Министерство туризма и спорта Республики Казахстан,108540399.0,108540399.0,100852328.0,55139050.2,100635399.2,54337533.69,100619489.543,46281955.853,98.54637229496564,53.87831373609938,3,False,True,False,2.0,226.0
228,3.0,Информационное пространство,79861730.0,79861730.0,79778802.0,50723259.6,79197880.4,49336264.495,77679415.206,28343150.711000003,97.26556393272486,61.84132032341122,2,False,True,False,8.0,223.0
229,224.0,Министерство просвещения Республики Казахстан ,119230.0,119230.0,119230.0,86707.0,86707.0,67272.244,69170.16,1897.9159999999974,77.5857128028879,56.42224607900697,3,False,True,False,3.0,228.0
230,227.0,Министерство науки и высшего образования Республики Казахстан,2075162.0,2075162.0,2075162.0,1195200.0,2020292.4,1164123.446,2017834.108,853710.662,97.39988671352074,56.0979550512201,3,False,True,False,3.0,228.0
231,651.0,Министерство культуры и информации Республики Казахстан,66176078.0,66176078.0,66176078.0,41343039.6,65682549.0,40006556.204,64184079.008,24177522.803999998,96.76733155343517,60.454710241365476,3,False,True,False,3.0,228.0
232,694.0,Управление Делами Президента Республики Казахстан,11491260.0,11491260.0,11408332.0,8098313.0,11408332.0,8098312.601,11408331.93,3310019.329,99.99999507304793,70.98594782304723,3,False,True,False,3.0,228.0
233,4.0,Туризм,2213044.0,2213044.0,2213044.0,916654.4,2213044.0,881303.657,1843181.714,961878.0569999999,96.14350370215863,39.82314210652839,2,False,True,False,8.0,223.0
234,650.0,Министерство туризма и спорта Республики Казахстан,1762477.0,1762477.0,1762477.0,666091.4,1762477.0,637526.657,1392614.714,755088.0569999999,95.71158807935367,36.1721972542053,3,False,True,False,4.0,233.0
235,694.0,Управление Делами Президента Республики Казахстан,450567.0,450567.0,450567.0,250563.0,450567.0,243777.0,450567.0,206790.0,97.29169909364111,54.104495002962935,3,False,True,False,4.0,233.0
236,9.0,"Прочие услуги по организации культуры, спорта, туризма  и информационного пространства",8751513.0,8751513.0,30946454.6,23662048.2,28722060.1,23103095.935,24484599.022,1381503.0870000012,97.63776888511283,74.65506544649544,2,False,True,False,8.0,223.0
237,650.0,Министерство туризма и спорта Республики Казахстан,1581085.0,1581085.0,23772843.7,19320542.5,23360636.7,19300351.456,19544318.888,243967.43200000003,99.89549442516949,81.1865492389537,3,False,True,False,9.0,236.0
238,651.0,Министерство культуры и информации Республики Казахстан,7170428.0,7170428.0,7173610.9,4341505.7,5361423.4,3802744.479,4940280.134,1137535.6549999998,87.59045229400482,53.01018597203257,3,False,True,False,9.0,236.0
239,9.0,Топливно-энергетический комплекс и недропользование,167876720.0,167876720.0,166583520.0,84209680.7,165748111.0,83026366.494,88979277.999,5952911.504999995,98.59480026979843,49.84068441704198,1,False,True,False,2.0,53.0
240,1.0,Топливо и энергетика,74604391.0,74604391.0,74504391.0,39304443.1,74504391.0,38121129.524,43286502.399,5165372.875,96.98936435000651,51.166285654224055,2,False,True,False,9.0,239.0
241,229.0,Министерство промышленности и строительства Республики Казахстан,9715419.0,9715419.0,9715419.0,5325135.0,9715419.0,4141822.324,8205436.301,4063613.977,77.77872906508475,42.63143281828607,3,False,True,False,1.0,240.0
242,241.0,Министерство энергетики Республики Казахстан,64888972.0,64888972.0,64788972.0,33979308.1,64788972.0,33979307.2,35081066.098,1101758.8979999945,99.99999735132924,52.446128023145675,3,False,True,False,1.0,240.0
243,9.0,Прочие услуги в области топливно-энергетического комплекса и недропользования,93272329.0,93272329.0,92079129.0,44905237.6,91243720.0,44905236.97,45692775.6,787538.6300000027,99.99999859704562,48.76809485241764,2,False,True,False,9.0,239.0
244,202.0,Министерство по чрезвычайным ситуациям Республики Казахстан,998425.0,998425.0,998425.0,648978.0,998425.0,648977.37,998425.0,349447.63,99.9999029242902,65.00011217667827,3,False,True,False,9.0,243.0
245,229.0,Министерство промышленности и строительства Республики Казахстан,1785328.0,1785328.0,1785328.0,564222.0,1449919.0,564222.0,1002313.0,438091.0,100.0,31.603268419024406,3,False,True,False,9.0,243.0
246,241.0,Министерство энергетики Республики Казахстан,90488576.0,90488576.0,89295376.0,43692037.6,88795376.0,43692037.6,43692037.6,0.0,100.0,48.92978736099393,3,False,True,False,9.0,243.0
247,10.0,"Сельское, водное, лесное, рыбное хозяйство, особо охраняемые природные территории, охрана окружающей среды и животного мира, земельные отношения",313573448.0,313573448.0,379839312.8,234391757.7,341412738.0,217307534.596,290852135.558,73544600.96200004,92.7112526175659,57.210385358511,1,False,True,False,2.0,53.0
248,1.0,Сельское хозяйство,70448788.0,70448788.0,70445206.0,27323380.3,65489521.5,26576776.229,45283001.704,18706225.475000005,97.2675267012991,37.72687701275229,2,False,True,False,10.0,247.0
249,207.0,Министерство экологии и природных ресурсов Республики Казахстан,1057582.0,1057582.0,1057582.0,0.0,0.0,0.0,0.0,0.0,0.0,0.0,3,False,True,False,1.0,248.0
250,212.0,Министерство сельского хозяйства Республики Казахстан,68591206.0,68591206.0,68587624.0,27323380.3,64689521.5,26576776.229,45283001.704,18706225.475000005,97.2675267012991,38.74864688270875,3,False,True,False,1.0,248.0
251,652.0,Министерство водных ресурсов и ирригации Республики Казахстан,800000.0,800000.0,800000.0,0.0,800000.0,0.0,0.0,0.0,0.0,0.0,3,False,True,False,1.0,248.0
252,2.0,Водное хозяйство,101285086.0,101285086.0,102097084.0,69699732.1,102072896.1,63898086.669,91719033.115,27820946.445999995,91.67622994206603,62.58561377619757,2,False,True,False,10.0,247.0
253,652.0,Министерство водных ресурсов и ирригации Республики Казахстан,101285086.0,101285086.0,102097084.0,69699732.1,102072896.1,63898086.669,91719033.115,27820946.445999995,91.67622994206603,62.58561377619757,3,False,True,False,2.0,252.0
254,3.0,Лесное хозяйство,57539087.0,57539087.0,57539087.0,44234348.1,49684415.1,37182306.58,44841217.587,7658911.006999999,84.0575439157427,64.62095337035848,2,False,True,False,10.0,247.0
255,207.0,Министерство экологии и природных ресурсов Республики Казахстан,57539087.0,57539087.0,57539087.0,44234348.1,49684415.1,37182306.58,44841217.587,7658911.006999999,84.0575439157427,64.62095337035848,3,False,True,False,3.0,254.0
256,4.0,Рыбное хозяйство,1938650.0,1938650.0,1938650.0,1329608.0,1938650.0,1014621.507,1931784.366,917162.8589999999,76.30982266953869,52.33649740799009,2,False,True,False,10.0,247.0
257,212.0,Министерство сельского хозяйства Республики Казахстан,1938650.0,1938650.0,1938650.0,1329608.0,1938650.0,1014621.507,1931784.366,917162.8589999999,76.30982266953869,52.33649740799009,3,False,True,False,4.0,256.0
258,5.0,Охрана окружающей среды,22815355.0,22815355.0,20522155.0,10680863.1,19827080.9,10638063.908,14824522.982,4186459.074000001,99.59929088502221,51.83697281304035,2,False,True,False,10.0,247.0
259,207.0,Министерство экологии и природных ресурсов Республики Казахстан,20363443.0,20363443.0,18004186.0,9211671.0,18004186.0,9172221.607,13155229.0,3983007.392999999,99.57174552803721,50.944939176922524,3,False,True,False,5.0,258.0
260,694.0,Управление Делами Президента Республики Казахстан,2451912.0,2451912.0,2517969.0,1469192.1,1822894.9,1465842.301,1669293.982,203451.6810000001,99.77199720853385,58.21526400841313,3,False,True,False,5.0,258.0
261,6.0,Земельные отношения,23813580.0,23813580.0,23817162.0,12666988.7,23307287.2,12402035.202,23201012.208,10798977.006000001,97.90831503623274,52.07184299288051,2,False,True,False,10.0,247.0
262,212.0,Министерство сельского хозяйства Республики Казахстан,13558959.0,13558959.0,13562541.0,7104271.5,13191548.2,6854921.327,13085273.723,6230352.396,96.4901373349822,50.54304593069986,3,False,True,False,6.0,261.0
263,223.0,"Министерство цифрового развития, инноваций и аэрокосмической промышленности Республики Казахстан",10254621.0,10254621.0,10254621.0,5562717.2,10115739.0,5547113.875,10115738.485,4568624.609999999,99.71950173918603,54.093797079384984,3,False,True,False,6.0,261.0
264,9.0,"Прочие услуги в области сельского, водного, лесного, рыбного  хозяйства, охраны окружающей среды и земельных отношений",35732902.0,35732902.0,103479968.8,68456837.4,79092887.2,65595644.501,69051563.596,3455919.094999999,95.82044247489586,63.38970262716198,2,False,True,False,10.0,247.0
265,207.0,Министерство экологии и природных ресурсов Республики Казахстан,265638.0,265638.0,265638.0,165219.0,265638.0,147767.041,265638.0,117870.959,89.4370750337431,55.627222385351494,3,False,True,False,9.0,264.0
266,212.0,Министерство сельского хозяйства Республики Казахстан,35467264.0,35467264.0,103214330.8,68291618.4,78827249.2,65447877.46,68785925.596,3338048.136,95.83588585740705,63.409680567342306,3,False,True,False,9.0,264.0
267,11.0,"Промышленность, архитектурная, градостроительная и строительная деятельность",20359848.0,20359848.0,20359848.0,14195260.0,20359848.0,14065439.55,17646086.33,3580646.7799999975,99.0854662049163,69.08420706284252,1,False,True,False,2.0,53.0
268,1.0,Промышленность,17539175.0,17539175.0,17539175.0,12601187.0,17539175.0,12471366.95,14850970.0,2379603.0500000007,98.96977919619793,71.10577863554015,2,False,True,False,11.0,267.0
269,211.0,Министерство торговли и интеграции Республики Казахстан,8740464.0,8740464.0,8740464.0,7429385.0,8740464.0,7429384.02,8740464.0,1311079.9800000004,99.99998680913696,84.9998812420027,3,False,True,False,1.0,268.0
270,229.0,Министерство промышленности и строительства Республики Казахстан,8665210.0,8665210.0,8665210.0,5073012.0,8665210.0,4943192.93,5977005.0,1033812.0700000003,97.44098634105339,57.046429688374545,3,False,True,False,1.0,268.0
271,241.0,Министерство энергетики Республики Казахстан,133501.0,133501.0,133501.0,98790.0,133501.0,98790.0,133501.0,34711.0,100.0,73.99944569703598,3,False,True,False,1.0,268.0
272,2.0,"Архитектурная, градостроительная и строительная деятельность",2820673.0,2820673.0,2820673.0,1594073.0,2820673.0,1594072.6,2795116.33,1201043.73,99.9999749070463,56.51390997822151,2,False,True,False,11.0,267.0
273,229.0,Министерство промышленности и строительства Республики Казахстан,2820673.0,2820673.0,2820673.0,1594073.0,2820673.0,1594072.6,2795116.33,1201043.73,99.9999749070463,56.51390997822151,3,False,True,False,2.0,272.0
274,12.0,Транспорт и коммуникации,858088614.0,858088614.0,841148927.0,557098537.5,796815000.4,533715956.969,727420037.608,193704080.63900006,95.80279269158915,63.45082777107317,1,False,True,False,2.0,53.0
275,1.0,Автомобильный транспорт,516217148.0,516217148.0,509481470.0,343145744.6,491395768.0,340758101.716,444599162.469,103841060.75299996,99.30418986055525,66.88331603424164,2,False,True,False,12.0,274.0
276,228.0,Министерство транспорта Республики Казахстан,516217148.0,516217148.0,509481470.0,343145744.6,491395768.0,340758101.716,444599162.469,103841060.75299996,99.30418986055525,66.88331603424164,3,False,True,False,1.0,275.0
277,3.0,Водный транспорт,28983003.0,28983003.0,26983003.0,17783324.0,25490925.0,17783323.58,25490924.58,7707601.0,99.9999976382368,65.90565023470515,2,False,True,False,12.0,274.0
278,228.0,Министерство транспорта Республики Казахстан,28983003.0,28983003.0,26983003.0,17783324.0,25490925.0,17783323.58,25490924.58,7707601.0,99.9999976382368,65.90565023470515,3,False,True,False,3.0,277.0
279,4.0,Воздушный транспорт,17361237.0,17361237.0,15712990.0,4963300.0,12520000.0,4363300.0,4363300.0,0.0,87.91126871234863,27.76874420463578,2,False,True,False,12.0,274.0
280,228.0,Министерство транспорта Республики Казахстан,17361237.0,17361237.0,15712990.0,4963300.0,12520000.0,4363300.0,4363300.0,0.0,87.91126871234863,27.76874420463578,3,False,True,False,4.0,279.0
281,5.0,Железнодорожный транспорт,138811061.0,138811061.0,137926026.0,110828393.3,121728794.4,98956944.823,111321794.4,12364849.577000007,89.2884412346705,71.74639021572332,2,False,True,False,12.0,274.0
282,228.0,Министерство транспорта Республики Казахстан,138811061.0,138811061.0,137926026.0,110828393.3,121728794.4,98956944.823,111321794.4,12364849.577000007,89.2884412346705,71.74639021572332,3,False,True,False,5.0,281.0
283,9.0,Прочие услуги в сфере транспорта и коммуникаций,156716165.0,156716165.0,151045438.0,80377775.6,145679513.0,71854286.85,141644856.159,69790569.30900002,89.39571456615428,47.57130556303196,2,False,True,False,12.0,274.0
284,223.0,"Министерство цифрового развития, инноваций и аэрокосмической промышленности Республики Казахстан",141376454.0,141376454.0,135705727.0,80377775.6,130339802.0,71854286.85,126305145.159,54450858.309,89.39571456615428,52.94860315659338,3,False,True,False,9.0,283.0
285,228.0,Министерство транспорта Республики Казахстан,15339711.0,15339711.0,15339711.0,0.0,15339711.0,0.0,15339711.0,15339711.0,0.0,0.0,3,False,True,False,9.0,283.0
286,13.0,Прочие,1040635643.0,1040635643.0,717874586.0,478217108.1,590464365.1,342387140.893,392250769.316,49863628.42299998,71.59658972748491,47.69456219376458,1,False,True,False,2.0,53.0
287,1.0,Регулирование экономической деятельности,8973844.0,8973844.0,7361824.0,3888186.0,7234675.0,3301558.918,5749261.781,2447702.8630000004,84.9125766617132,44.847023210552166,2,False,True,False,13.0,286.0
288,204.0,Министерство иностранных дел Республики Казахстан,3600438.0,3600438.0,3600438.0,2403651.0,3476689.0,1977135.467,3328356.098,1351220.6310000003,82.2555132587884,54.91374846615884,3,False,True,False,1.0,287.0
289,211.0,Министерство торговли и интеграции Республики Казахстан,5373406.0,5373406.0,3761386.0,1484535.0,3757986.0,1324423.451,2420905.683,1096482.2320000003,89.21470029335784,35.21104856029134,3,False,True,False,1.0,287.0
290,3.0,Поддержка предпринимательской деятельности и защита конкуренции,267207198.0,267207198.0,249542836.0,247878967.1,249542836.0,136564002.886,137998027.1,1434024.2139999866,55.09301756566825,54.72567558942065,2,False,True,False,13.0,286.0
291,243.0,Министерство национальной экономики Республики Казахстан  ,267207198.0,267207198.0,249542836.0,247878967.1,249542836.0,136564002.886,137998027.1,1434024.2139999866,55.09301756566825,54.72567558942065,3,False,True,False,3.0,290.0
292,9.0,Прочие,764454601.0,764454601.0,460969926.0,226449955.0,333686854.1,202521579.089,248503480.435,45981901.346000016,89.43326091144509,43.9337943033186,2,False,True,False,13.0,286.0
293,202.0,Министерство по чрезвычайным ситуациям Республики Казахстан,8855460.0,8855460.0,8855460.0,7093809.0,8855460.0,4198673.995,7885650.891,3686976.8959999997,59.1878636005001,47.41339235906435,3,False,True,False,9.0,292.0
294,204.0,Министерство иностранных дел Республики Казахстан,1477312.0,1477312.0,576710.3,0.0,0.0,0.0,0.0,0.0,0.0,0.0,3,False,True,False,9.0,292.0
295,217.0,Министерство финансов Республики Казахстан,434839028.0,434839028.0,139665309.7,12639931.9,14313180.9,12639931.325,14313180.825,1673249.5,99.99999545092486,9.050158090187518,3,False,True,False,9.0,292.0
296,223.0,"Министерство цифрового развития, инноваций и аэрокосмической промышленности Республики Казахстан",24708527.0,24708527.0,24760777.0,12840651.6,23930059.0,2477986.952,5318697.8,2840710.8479999998,19.2979844729998,10.007710791951318,3,False,True,False,9.0,292.0
297,228.0,Министерство транспорта Республики Казахстан,38056124.0,38056124.0,41791802.0,30500778.8,41791802.0,22765100.418,38056123.695,15291023.276999999,74.63776766906687,54.47264613763245,3,False,True,False,9.0,292.0
298,243.0,Министерство национальной экономики Республики Казахстан  ,168179501.0,168179501.0,162494888.0,100225029.6,162021373.2,100224773.285,100226563.855,1790.5700000077486,99.99974426048959,61.678723877762856,3,False,True,False,9.0,292.0
299,694.0,Управление Делами Президента Республики Казахстан,88338649.0,88338649.0,82824979.0,63149754.1,82774979.0,60215113.114,82703263.369,22488150.255000003,95.35288612311477,72.70163402516529,3,False,True,False,9.0,292.0
300,14.0,Обслуживание долга,2022608817.0,2022608817.0,2022608817.0,1848679150.0,1848679150.0,1848679149.431,1848679149.431,0.0,99.99999996922126,91.40072632398694,1,False,True,False,2.0,53.0
301,1.0,Обслуживание долга,2022608817.0,2022608817.0,2022608817.0,1848679150.0,1848679150.0,1848679149.431,1848679149.431,0.0,99.99999996922126,91.40072632398694,2,False,True,False,14.0,300.0
302,217.0,Министерство финансов Республики Казахстан,2022608817.0,2022608817.0,2022608817.0,1848679150.0,1848679150.0,1848679149.431,1848679149.431,0.0,99.99999996922126,91.40072632398694,3,False,True,False,1.0,301.0
303,15.0,Трансферты,5265026806.0,5265026806.0,5322779988.0,3558709923.3,5116671740.0,3558709923.3,3558709923.3,0.0,100.0,66.85810669092041,1,False,True,False,2.0,53.0
304,1.0,Трансферты,5265026806.0,5265026806.0,5322779988.0,3558709923.3,5116671740.0,3558709923.3,3558709923.3,0.0,100.0,66.85810669092041,2,False,True,False,15.0,303.0
305,217.0,Министерство финансов Республики Казахстан,5265026806.0,5265026806.0,5322779988.0,3558709923.3,5116671740.0,3558709923.3,3558709923.3,0.0,100.0,66.85810669092041,3,False,True,False,1.0,304.0
306,3.0,III. ЧИСТОЕ БЮДЖЕТНОЕ КРЕДИТОВАНИЕ,363477575.0,363477575.0,363477575.0,158128999.0,0.0,99366316.879,0.0,0.0,62.83876930062651,27.337674649942294,0,False,True,False,,
311,1.0,БЮДЖЕТНЫЕ КРЕДИТЫ,617804497.0,617804497.0,617804497.0,228696178.0,452540330.0,222896833.0,222896833.0,0.0,97.46417056431962,36.07886217765747,1,False,True,False,3.0,306.0
312,6.0,Социальная помощь и социальное обеспечение,28980000.0,28980000.0,28980000.0,0.0,16215000.0,0.0,0.0,0.0,0.0,0.0,2,False,True,False,1.0,311.0
313,9.0,Прочие услуги в области социальной помощи и социального обеспечения,28980000.0,28980000.0,28980000.0,0.0,16215000.0,0.0,0.0,0.0,0.0,0.0,3,False,True,False,6.0,312.0
314,213.0,Министерство труда и социальной защиты населения Республики Казахстан,28980000.0,28980000.0,28980000.0,0.0,16215000.0,0.0,0.0,0.0,0.0,0.0,4,False,True,False,9.0,313.0
315,7.0,Жилищно-коммунальное хозяйство,13824497.0,13824497.0,13824497.0,12799345.0,13824497.0,7000000.0,7000000.0,0.0,54.690298605123935,50.63475365505161,2,False,True,False,1.0,311.0
316,1.0,Жилищное хозяйство,13824497.0,13824497.0,13824497.0,12799345.0,13824497.0,7000000.0,7000000.0,0.0,54.690298605123935,50.63475365505161,3,False,True,False,7.0,315.0
317,229.0,Министерство промышленности и строительства Республики Казахстан,13824497.0,13824497.0,13824497.0,12799345.0,13824497.0,7000000.0,7000000.0,0.0,54.690298605123935,50.63475365505161,4,False,True,False,1.0,316.0
318,8.0,"Культура, спорт, туризм и информационное пространство",85000000.0,85000000.0,85000000.0,15000000.0,85000000.0,15000000.0,15000000.0,0.0,100.0,17.647058823529413,2,False,True,False,1.0,311.0
319,4.0,Туризм,85000000.0,85000000.0,85000000.0,15000000.0,85000000.0,15000000.0,15000000.0,0.0,100.0,17.647058823529413,3,False,True,False,8.0,318.0
320,650.0,Министерство туризма и спорта Республики Казахстан,85000000.0,85000000.0,85000000.0,15000000.0,85000000.0,15000000.0,15000000.0,0.0,100.0,17.647058823529413,4,False,True,False,4.0,319.0
321,10.0,"Сельское, водное, лесное, рыбное хозяйство, особо охраняемые природные территории, охрана окружающей среды и животного мира, земельные отношения",370000000.0,370000000.0,370000000.0,200896833.0,337500833.0,200896833.0,200896833.0,0.0,100.0,54.296441351351355,2,False,True,False,1.0,311.0
322,1.0,Сельское хозяйство,340000000.0,340000000.0,340000000.0,188000000.0,324604000.0,188000000.0,188000000.0,0.0,100.0,55.294117647058826,3,False,True,False,10.0,321.0
323,212.0,Министерство сельского хозяйства Республики Казахстан,340000000.0,340000000.0,340000000.0,188000000.0,324604000.0,188000000.0,188000000.0,0.0,100.0,55.294117647058826,4,False,True,False,1.0,322.0
324,9.0,"Прочие услуги в области сельского, водного, лесного, рыбного  хозяйства, охраны окружающей среды и земельных отношений",30000000.0,30000000.0,30000000.0,12896833.0,12896833.0,12896833.0,12896833.0,0.0,100.0,42.989443333333334,3,False,True,False,10.0,321.0
325,243.0,Министерство национальной экономики Республики Казахстан  ,30000000.0,30000000.0,30000000.0,12896833.0,12896833.0,12896833.0,12896833.0,0.0,100.0,42.989443333333334,4,False,True,False,9.0,324.0
326,11.0,"Промышленность, архитектурная, градостроительная и строительная деятельность",120000000.0,120000000.0,120000000.0,0.0,0.0,0.0,0.0,0.0,0.0,0.0,2,False,True,False,1.0,311.0
327,1.0,Промышленность,120000000.0,120000000.0,120000000.0,0.0,0.0,0.0,0.0,0.0,0.0,0.0,3,False,True,False,11.0,326.0
328,229.0,Министерство промышленности и строительства Республики Казахстан,120000000.0,120000000.0,120000000.0,0.0,0.0,0.0,0.0,0.0,0.0,0.0,4,False,True,False,1.0,327.0
329,2.0,ПОГАШЕНИЕ БЮДЖЕТНЫХ КРЕДИТОВ,254326922.0,254326922.0,254326922.0,70567179.0,0.0,123530516.121,0.0,0.0,175.05378261046823,48.57154529672639,1,False,True,False,3.0,306.0
330,5.0,Погашение бюджетных кредитов,254326922.0,254326922.0,254326922.0,70567179.0,0.0,123530516.121,0.0,0.0,175.05378261046823,48.57154529672639,2,False,True,False,2.0,329.0
331,1.0,Погашение бюджетных кредитов,254326922.0,254326922.0,254326922.0,70567179.0,0.0,123529781.181,0.0,0.0,175.05274113479865,48.571256322207205,3,False,True,False,5.0,330.0
332,1.0,"Погашение бюджетных кредитов, выданных из государственного бюджета",254326922.0,254326922.0,254326922.0,70567179.0,0.0,112402459.901,0.0,0.0,159.28433231120093,44.196052473359465,4,False,True,False,1.0,331.0
333,2.0,Возврат сумм неиспользованных бюджетных кредитов,0.0,0.0,0.0,0.0,0.0,11127321.28,0.0,0.0,0.0,0.0,4,False,True,False,1.0,331.0
334,2.0,Возврат требований по оплаченным государственным гарантиям,0.0,0.0,0.0,0.0,0.0,734.94,0.0,0.0,0.0,0.0,3,False,True,False,5.0,330.0
335,1.0,Возврат юридическими лицами требований по оплаченным государственным гарантиям,0.0,0.0,0.0,0.0,0.0,734.94,0.0,0.0,0.0,0.0,4,False,True,False,2.0,334.0
336,4.0,IV. САЛЬДО ПО ОПЕРАЦИЯМ С ФИНАНСОВЫМИ АКТИВАМИ,49929694.0,49929694.0,49929694.0,49926037.0,0.0,49612136.413,0.0,0.0,99.37126876903929,99.36399052035047,0,False,True,False,,
341,1.0,ПРИОБРЕТЕНИЕ ФИНАНСОВЫХ АКТИВОВ,49929694.0,49929694.0,49929694.0,49926037.0,49929694.0,49612136.412,49612136.412,0.0,99.37126876703633,99.36399051834766,1,False,True,False,4.0,336.0
342,1.0,Государственные услуги общего характера,9929694.0,9929694.0,9929694.0,9926037.0,9929694.0,9612136.412,9612136.412,0.0,96.8376040911393,96.80193983822663,2,False,True,False,1.0,341.0
343,2.0,Финансовая деятельность,9929694.0,9929694.0,9929694.0,9926037.0,9929694.0,9612136.412,9612136.412,0.0,96.8376040911393,96.80193983822663,3,False,True,False,1.0,342.0
344,217.0,Министерство финансов Республики Казахстан,7629694.0,7629694.0,7629694.0,7626037.0,7629694.0,7312136.606,7312136.606,0.0,95.88383331997996,95.83787509695671,4,False,True,False,2.0,343.0
345,243.0,Министерство национальной экономики Республики Казахстан  ,2300000.0,2300000.0,2300000.0,2300000.0,2300000.0,2299999.806,2299999.806,0.0,99.99999156521739,99.99999156521739,4,False,True,False,2.0,343.0
346,10.0,"Сельское, водное, лесное, рыбное хозяйство, особо охраняемые природные территории, охрана окружающей среды и животного мира, земельные отношения",40000000.0,40000000.0,40000000.0,40000000.0,40000000.0,40000000.0,40000000.0,0.0,100.0,100.0,2,False,True,False,1.0,341.0
347,1.0,Сельское хозяйство,40000000.0,40000000.0,40000000.0,40000000.0,40000000.0,40000000.0,40000000.0,0.0,100.0,100.0,3,False,True,False,10.0,346.0
348,212.0,Министерство сельского хозяйства Республики Казахстан,40000000.0,40000000.0,40000000.0,40000000.0,40000000.0,40000000.0,40000000.0,0.0,100.0,100.0,4,False,True,False,1.0,347.0
349,5.0,V. ДЕФИЦИТ (ПРОФИЦИТ) БЮДЖЕТА,-3534767762.0,-3534767762.0,-3598753336.0,-2118670068.4,0.0,-2804991532.354,0.0,0.0,132.39397555053506,77.94342291521811,0,False,True,False,,
354,6.0,VI. НЕНЕФТЯНОЙ ДЕФИЦИТ (ПРОФИЦИТ) БЮДЖЕТА,-8768687762.0,-8768687762.0,-8832673336.0,-6484611762.4,0.0,-7111054993.141,0.0,0.0,109.66045853929656,80.50852468592868,0,False,True,False,,
359,7.0,VII. ФИНАНСИРОВАНИЕ ДЕФИЦИТА (ИСПОЛЬЗОВАНИЕ ПРОФИЦИТА) БЮДЖЕТА,3534767762.0,3534767762.0,3598753336.0,2118670068.4,0.0,2804991532.354,0.0,0.0,132.39397555053506,77.94342291521811,0,False,True,False,,
364,1.0,ПОСТУПЛЕНИЕ ЗАЙМОВ,6551342292.0,6551342292.0,6551342292.0,4705000000.0,0.0,4854364088.155,0.0,0.0,103.17458210743888,74.09724407290975,1,False,True,False,7.0,359.0
365,7.0,Поступления займов,6551342292.0,6551342292.0,6551342292.0,4705000000.0,0.0,4854364088.155,0.0,0.0,103.17458210743888,74.09724407290975,2,False,True,False,1.0,364.0
366,1.0,Внутренние государственные займы,5168422509.0,5168422509.0,5168422509.0,4638404265.0,0.0,4793562215.355,0.0,0.0,103.34507174214578,92.74710430518712,3,False,True,False,7.0,365.0
367,1.0,Государственные эмиссионные ценные бумаги,5168422509.0,5168422509.0,5168422509.0,4638404265.0,0.0,4793562215.355,0.0,0.0,103.34507174214578,92.74710430518712,4,False,True,False,1.0,366.0
368,2.0,Внешние государственные займы,1382919783.0,1382919783.0,1382919783.0,66595735.0,0.0,60801872.8,0.0,0.0,91.29995006436972,4.396630487713545,3,False,True,False,7.0,365.0
369,1.0,Договоры займа,692919783.0,692919783.0,692919783.0,66595735.0,0.0,60801872.8,0.0,0.0,91.29995006436972,8.77473472279258,4,False,True,False,2.0,368.0
370,2.0,Государственные эмиссионные ценные бумаги,690000000.0,690000000.0,690000000.0,0.0,0.0,0.0,0.0,0.0,0.0,0.0,4,False,True,False,2.0,368.0
371,2.0,ПОГАШЕНИЕ ЗАЙМОВ,3016574530.0,3016574530.0,3016574530.0,2080115991.1,2080115991.1,2080115990.451,2080115990.451,0.0,99.99999996879983,68.95622732885039,1,False,True,False,7.0,359.0
372,16.0,Погашение займов,3016574530.0,3016574530.0,3016574530.0,2080115991.1,2080115991.1,2080115990.451,2080115990.451,0.0,99.99999996879983,68.95622732885039,2,False,True,False,2.0,371.0
373,1.0,Погашение займов,3016574530.0,3016574530.0,3016574530.0,2080115991.1,2080115991.1,2080115990.451,2080115990.451,0.0,99.99999996879983,68.95622732885039,3,False,True,False,16.0,372.0
374,217.0,Министерство финансов Республики Казахстан,3016574530.0,3016574530.0,3016574530.0,2080115991.1,2080115991.1,2080115990.451,2080115990.451,0.0,99.99999996879983,68.95622732885039,4,False,True,False,1.0,373.0
375,,ИСПОЛЬЗУЕМЫЕ ОСТАТКИ БЮДЖЕТНЫХ СРЕДСТВ,0.0,0.0,63985574.0,-506213940.5,0.0,30743434.65,0.0,0.0,-6.073209801301392,48.047446835438244,0,True,True,False,,
376,,Остатки бюджетных средств на начало финансового года,0.0,0.0,0.0,0.0,0.0,61307366.416,0.0,0.0,0.0,0.0,0,True,True,False,,
377,,Остатки бюджетных средств на конец отчетного периода,0.0,0.0,0.0,0.0,0.0,30563931.765,0.0,0.0,0.0,0.0,0,True,True,False,,
378,,Справочно: Остатки бюджетных средств,0.0,0.0,0.0,0.0,0.0,0.0,0.0,0.0,0.0,0.0,0,True,True,False,,
379,,в том числе за счет внешних займов,0.0,0.0,0.0,0.0,0.0,1273483.3,0.0,0.0,0.0,0.0,0,True,True,False,,
